Date,USDHKD
2005-09-07,7.7673
2005-09-08,7.7662
2005-09-09,7.7629
2005-09-12,7.7614
2005-09-13,7.7599
2005-09-14,7.7594
2005-09-15,7.7587
2005-09-16,7.7606
2005-09-19,7.7592
2005-09-20,7.7608
2005-09-21,7.7614
2005-09-22,7.7605
2005-09-23,7.7581
2005-09-26,7.758
2005-09-27,7.7574
2005-09-28,7.7594
2005-09-29,7.7578
2005-09-30,7.7572
2005-10-03,7.7569
2005-10-04,7.7562
2005-10-05,7.7553
2005-10-06,7.7556
2005-10-07,7.7542
2005-10-10,7.757
2005-10-11,7.7575
2005-10-12,7.7577
2005-10-13,7.7579
2005-10-14,7.7564
2005-10-17,7.7568
2005-10-18,7.7586
2005-10-19,7.7584
2005-10-20,7.756
2005-10-21,7.7537
2005-10-24,7.754
2005-10-25,7.7546
2005-10-26,7.7539
2005-10-27,7.7535
2005-10-28,7.7534
2005-10-31,7.7519
2005-11-01,7.7516
2005-11-02,7.753
2005-11-03,7.7517
2005-11-04,7.7526
2005-11-07,7.752
2005-11-08,7.7534
2005-11-09,7.7559
2005-11-10,7.7553
2005-11-11,7.7549
2005-11-14,7.756
2005-11-15,7.7555
2005-11-16,7.7547
2005-11-17,7.7531
2005-11-18,7.7528
2005-11-21,7.7532
2005-11-22,7.7533
2005-11-23,7.7512
2005-11-24,7.753
2005-11-25,7.7538
2005-11-28,7.7536
2005-11-29,7.7539
2005-11-30,7.7542
2005-12-01,7.7549
2005-12-02,7.7541
2005-12-05,7.7536
2005-12-06,7.7538
2005-12-07,7.754
2005-12-08,7.7538
2005-12-09,7.7538
2005-12-12,7.7536
2005-12-13,7.7535
2005-12-14,7.7524
2005-12-15,7.7524
2005-12-16,7.7522
2005-12-19,7.7516
2005-12-20,7.7519
2005-12-21,7.7524
2005-12-22,7.7526
2005-12-23,7.7532
2005-12-26,7.7529
2005-12-27,7.7527
2005-12-28,7.753
2005-12-29,7.7531
2005-12-30,7.7532
2006-01-02,7.7535
2006-01-03,7.7533
2006-01-04,7.7535
2006-01-05,7.7538
2006-01-06,7.753
2006-01-09,7.7514
2006-01-10,7.751
2006-01-11,7.751
2006-01-12,7.75
2006-01-13,7.7516
2006-01-16,7.752
2006-01-17,7.753
2006-01-18,7.7535
2006-01-19,7.7542
2006-01-20,7.7546
2006-01-23,7.7542
2006-01-24,7.7549
2006-01-25,7.7569
2006-01-26,7.7552
2006-01-27,7.7568
2006-01-30,7.7563
2006-01-31,7.7569
2006-02-01,7.7568
2006-02-02,7.7563
2006-02-03,7.757
2006-02-06,7.7579
2006-02-07,7.7586
2006-02-08,7.7611
2006-02-09,7.7612
2006-02-10,7.7599
2006-02-13,7.7598
2006-02-14,7.7606
2006-02-15,7.7613
2006-02-16,7.7603
2006-02-17,7.7607
2006-02-20,7.7605
2006-02-21,7.7613
2006-02-22,7.7607
2006-02-23,7.7589
2006-02-24,7.7587
2006-02-27,7.7585
2006-02-28,7.7578
2006-03-01,7.7569
2006-03-02,7.757
2006-03-03,7.7579
2006-03-06,7.7587
2006-03-07,7.7603
2006-03-08,7.7609
2006-03-09,7.7611
2006-03-10,7.7616
2006-03-13,7.7589
2006-03-14,7.7584
2006-03-15,7.7585
2006-03-16,7.7574
2006-03-17,7.7567
2006-03-20,7.7582
2006-03-21,7.7592
2006-03-22,7.76
2006-03-23,7.759
2006-03-24,7.7589
2006-03-27,7.7588
2006-03-28,7.759
2006-03-29,7.76
2006-03-30,7.7594
2006-03-31,7.7591
2006-04-03,7.7598
2006-04-04,7.7587
2006-04-05,7.7587
2006-04-06,7.7579
2006-04-07,7.7555
2006-04-10,7.756
2006-04-11,7.7577
2006-04-12,7.7573
2006-04-13,7.7568
2006-04-14,7.7571
2006-04-17,7.7569
2006-04-18,7.7552
2006-04-19,7.7547
2006-04-20,7.7545
2006-04-21,7.754
2006-04-24,7.7529
2006-04-25,7.7531
2006-04-26,7.7545
2006-04-27,7.7541
2006-04-28,7.753
2006-05-01,7.7527
2006-05-02,7.7533
2006-05-03,7.7527
2006-05-04,7.7522
2006-05-05,7.7518
2006-05-08,7.751
2006-05-09,7.7514
2006-05-10,7.7512
2006-05-11,7.7522
2006-05-12,7.7529
2006-05-15,7.7525
2006-05-16,7.7528
2006-05-17,7.7537
2006-05-18,7.7538
2006-05-19,7.7543
2006-05-22,7.7535
2006-05-23,7.7547
2006-05-24,7.7557
2006-05-25,7.7558
2006-05-26,7.7553
2006-05-29,7.7559
2006-05-30,7.7574
2006-05-31,7.758
2006-06-01,7.7578
2006-06-02,7.758
2006-06-05,7.7584
2006-06-06,7.7594
2006-06-07,7.7614
2006-06-08,7.7622
2006-06-09,7.7611
2006-06-12,7.7609
2006-06-13,7.7619
2006-06-14,7.7612
2006-06-15,7.7613
2006-06-16,7.7631
2006-06-19,7.7652
2006-06-20,7.7663
2006-06-21,7.7665
2006-06-22,7.7661
2006-06-23,7.7681
2006-06-26,7.7663
2006-06-27,7.7654
2006-06-28,7.7675
2006-06-29,7.7669
2006-06-30,7.7661
2006-07-03,7.7667
2006-07-04,7.7671
2006-07-05,7.7709
2006-07-06,7.7698
2006-07-07,7.7679
2006-07-10,7.7705
2006-07-11,7.7727
2006-07-12,7.7759
2006-07-13,7.7753
2006-07-14,7.7759
2006-07-17,7.774
2006-07-18,7.7739
2006-07-19,7.7758
2006-07-20,7.7761
2006-07-21,7.7754
2006-07-24,7.7773
2006-07-25,7.7773
2006-07-26,7.777
2006-07-27,7.772
2006-07-28,7.7692
2006-07-31,7.7701
2006-08-01,7.7724
2006-08-02,7.774
2006-08-03,7.7725
2006-08-04,7.7733
2006-08-07,7.7751
2006-08-08,7.7763
2006-08-09,7.7767
2006-08-10,7.7767
2006-08-11,7.7767
2006-08-14,7.7781
2006-08-15,7.7785
2006-08-16,7.7765
2006-08-17,7.7752
2006-08-18,7.7725
2006-08-21,7.7747
2006-08-22,7.776
2006-08-23,7.7764
2006-08-24,7.7766
2006-08-25,7.7787
2006-08-28,7.7783
2006-08-29,7.7773
2006-08-30,7.7768
2006-08-31,7.7766
2006-09-01,7.7778
2006-09-04,7.7771
2006-09-05,7.7771
2006-09-06,7.7768
2006-09-07,7.7764
2006-09-08,7.7779
2006-09-11,7.7782
2006-09-12,7.7791
2006-09-13,7.7803
2006-09-14,7.7815
2006-09-15,7.7826
2006-09-18,7.7844
2006-09-19,7.7855
2006-09-20,7.7854
2006-09-21,7.7828
2006-09-22,7.784
2006-09-25,7.7834
2006-09-26,7.7861
2006-09-27,7.7894
2006-09-28,7.7884
2006-09-29,7.7903
2006-10-02,7.7903
2006-10-03,7.7911
2006-10-04,7.7909
2006-10-05,7.7854
2006-10-06,7.7857
2006-10-09,7.7887
2006-10-10,7.7932
2006-10-11,7.7921
2006-10-12,7.7866
2006-10-13,7.7869
2006-10-16,7.7827
2006-10-17,7.7798
2006-10-18,7.7838
2006-10-19,7.7867
2006-10-20,7.7829
2006-10-23,7.7808
2006-10-24,7.782
2006-10-25,7.781
2006-10-26,7.7807
2006-10-27,7.7751
2006-10-30,7.7759
2006-10-31,7.777
2006-11-01,7.7761
2006-11-02,7.7761
2006-11-03,7.7769
2006-11-06,7.7819
2006-11-07,7.7839
2006-11-08,7.7838
2006-11-09,7.7831
2006-11-10,7.7811
2006-11-13,7.784
2006-11-14,7.7839
2006-11-15,7.7858
2006-11-16,7.7857
2006-11-17,7.7865
2006-11-20,7.7861
2006-11-21,7.7858
2006-11-22,7.7844
2006-11-23,7.7824
2006-11-24,7.779
2006-11-27,7.7768
2006-11-28,7.7754
2006-11-29,7.7755
2006-11-30,7.7778
2006-12-01,7.774
2006-12-04,7.7732
2006-12-05,7.7692
2006-12-06,7.7693
2006-12-07,7.7681
2006-12-08,7.7713
2006-12-11,7.7742
2006-12-12,7.7712
2006-12-13,7.7705
2006-12-14,7.7705
2006-12-15,7.7711
2006-12-18,7.7733
2006-12-19,7.7748
2006-12-20,7.7759
2006-12-21,7.7761
2006-12-22,7.7776
2006-12-25,7.7802
2006-12-26,7.7806
2006-12-27,7.7762
2006-12-28,7.7729
2006-12-29,7.7776
2007-01-02,7.7801
2007-01-03,7.7889
2007-01-04,7.7883
2007-01-05,7.7908
2007-01-08,7.7944
2007-01-09,7.7974
2007-01-10,7.799
2007-01-11,7.7986
2007-01-12,7.7991
2007-01-15,7.7985
2007-01-16,7.8015
2007-01-17,7.8042
2007-01-18,7.8093
2007-01-19,7.8074
2007-01-22,7.8009
2007-01-23,7.7988
2007-01-24,7.8036
2007-01-25,7.8067
2007-01-26,7.8096
2007-01-29,7.8117
2007-01-30,7.8089
2007-01-31,7.808
2007-02-01,7.8051
2007-02-02,7.8076
2007-02-05,7.8092
2007-02-06,7.8094
2007-02-07,7.813
2007-02-08,7.8156
2007-02-09,7.8126
2007-02-12,7.8135
2007-02-13,7.814
2007-02-14,7.8134
2007-02-15,7.8079
2007-02-16,7.8123
2007-02-19,7.8133
2007-02-20,7.8131
2007-02-21,7.8132
2007-02-22,7.812
2007-02-23,7.8095
2007-02-26,7.8117
2007-02-27,7.8141
2007-02-28,7.8118
2007-03-01,7.8122
2007-03-02,7.8138
2007-03-05,7.8146
2007-03-06,7.8146
2007-03-07,7.8165
2007-03-08,7.8115
2007-03-09,7.8132
2007-03-12,7.8146
2007-03-13,7.8152
2007-03-14,7.8146
2007-03-15,7.8112
2007-03-16,7.8111
2007-03-19,7.8118
2007-03-20,7.8117
2007-03-21,7.8104
2007-03-22,7.8084
2007-03-23,7.8106
2007-03-26,7.8125
2007-03-27,7.8134
2007-03-28,7.8132
2007-03-29,7.8121
2007-03-30,7.8131
2007-04-02,7.8141
2007-04-03,7.8153
2007-04-04,7.8162
2007-04-05,7.8163
2007-04-06,7.8171
2007-04-09,7.817
2007-04-10,7.8126
2007-04-11,7.8129
2007-04-12,7.8139
2007-04-13,7.8133
2007-04-16,7.8122
2007-04-17,7.8119
2007-04-18,7.8103
2007-04-19,7.8131
2007-04-20,7.8136
2007-04-23,7.8141
2007-04-24,7.8163
2007-04-25,7.8192
2007-04-26,7.8209
2007-04-27,7.8208
2007-04-30,7.8224
2007-05-01,7.8218
2007-05-02,7.8216
2007-05-03,7.8207
2007-05-04,7.8202
2007-05-07,7.8191
2007-05-08,7.8182
2007-05-09,7.82
2007-05-10,7.8215
2007-05-11,7.8192
2007-05-14,7.811
2007-05-15,7.8125
2007-05-16,7.8177
2007-05-17,7.8203
2007-05-18,7.8179
2007-05-21,7.8211
2007-05-22,7.8235
2007-05-23,7.8238
2007-05-24,7.8222
2007-05-25,7.8229
2007-05-28,7.82
2007-05-29,7.82
2007-05-30,7.806
2007-05-31,7.8077
2007-06-01,7.808
2007-06-04,7.8062
2007-06-05,7.8086
2007-06-06,7.8119
2007-06-07,7.815
2007-06-08,7.8145
2007-06-11,7.8139
2007-06-12,7.8171
2007-06-13,7.8166
2007-06-14,7.8171
2007-06-15,7.8175
2007-06-18,7.817
2007-06-19,7.818
2007-06-20,7.8149
2007-06-21,7.8122
2007-06-22,7.8131
2007-06-25,7.812
2007-06-26,7.812
2007-06-27,7.8159
2007-06-28,7.8164
2007-06-29,7.8176
2007-07-02,7.8156
2007-07-03,7.8133
2007-07-04,7.8132
2007-07-05,7.8175
2007-07-06,7.8164
2007-07-09,7.8157
2007-07-10,7.8169
2007-07-11,7.8166
2007-07-12,7.8161
2007-07-13,7.8199
2007-07-16,7.8205
2007-07-17,7.8201
2007-07-18,7.8207
2007-07-19,7.8212
2007-07-20,7.8191
2007-07-23,7.821
2007-07-24,7.8223
2007-07-25,7.8242
2007-07-26,7.8227
2007-07-27,7.8249
2007-07-30,7.8247
2007-07-31,7.8256
2007-08-01,7.829
2007-08-02,7.8276
2007-08-03,7.8293
2007-08-06,7.8296
2007-08-07,7.8284
2007-08-08,7.8266
2007-08-09,7.8234
2007-08-10,7.8203
2007-08-13,7.8232
2007-08-14,7.8224
2007-08-15,7.8238
2007-08-16,7.8175
2007-08-17,7.8127
2007-08-20,7.8159
2007-08-21,7.8053
2007-08-22,7.8083
2007-08-23,7.8076
2007-08-24,7.7999
2007-08-27,7.8034
2007-08-28,7.7978
2007-08-29,7.8001
2007-08-30,7.8
2007-08-31,7.796
2007-09-03,7.793
2007-09-04,7.7933
2007-09-05,7.7922
2007-09-06,7.7902
2007-09-07,7.7843
2007-09-10,7.7805
2007-09-11,7.7864
2007-09-12,7.7874
2007-09-13,7.789
2007-09-14,7.788
2007-09-17,7.7878
2007-09-18,7.7886
2007-09-19,7.784
2007-09-20,7.7862
2007-09-21,7.7831
2007-09-24,7.774
2007-09-25,7.7693
2007-09-26,7.7641
2007-09-27,7.7593
2007-09-28,7.7742
2007-10-01,7.7696
2007-10-02,7.761
2007-10-03,7.7585
2007-10-04,7.7563
2007-10-05,7.7557
2007-10-08,7.7584
2007-10-09,7.7597
2007-10-10,7.756
2007-10-11,7.7542
2007-10-12,7.7558
2007-10-15,7.7524
2007-10-16,7.7557
2007-10-17,7.7531
2007-10-18,7.7508
2007-10-19,7.7507
2007-10-22,7.7502
2007-10-23,7.7508
2007-10-24,7.7504
2007-10-25,7.7501
2007-10-26,7.7504
2007-10-29,7.75
2007-10-30,7.7501
2007-10-31,7.7502
2007-11-01,7.7556
2007-11-02,7.7575
2007-11-05,7.7635
2007-11-06,7.7653
2007-11-07,7.7642
2007-11-08,7.77
2007-11-09,7.7808
2007-11-12,7.7938
2007-11-13,7.7858
2007-11-14,7.7891
2007-11-15,7.7828
2007-11-16,7.7842
2007-11-19,7.7782
2007-11-20,7.7849
2007-11-21,7.7814
2007-11-22,7.7801
2007-11-23,7.7758
2007-11-26,7.7809
2007-11-27,7.7831
2007-11-28,7.7867
2007-11-29,7.7867
2007-11-30,7.7862
2007-12-03,7.7889
2007-12-04,7.789
2007-12-05,7.7957
2007-12-06,7.7927
2007-12-07,7.7931
2007-12-10,7.7963
2007-12-11,7.7983
2007-12-12,7.7994
2007-12-13,7.7964
2007-12-14,7.7974
2007-12-17,7.7949
2007-12-18,7.8011
2007-12-19,7.7999
2007-12-20,7.8011
2007-12-21,7.8
2007-12-24,7.8042
2007-12-25,7.8055
2007-12-26,7.8064
2007-12-27,7.8022
2007-12-28,7.8033
2007-12-31,7.799
2008-01-01,7.7997
2008-01-02,7.8113
2008-01-03,7.8062
2008-01-04,7.8008
2008-01-07,7.8008
2008-01-08,7.8016
2008-01-09,7.8065
2008-01-10,7.803
2008-01-11,7.8051
2008-01-14,7.8039
2008-01-15,7.7989
2008-01-16,7.796
2008-01-17,7.8051
2008-01-18,7.8045
2008-01-21,7.8137
2008-01-22,7.8084
2008-01-23,7.8061
2008-01-24,7.8059
2008-01-25,7.807
2008-01-28,7.8061
2008-01-29,7.8043
2008-01-30,7.8009
2008-01-31,7.796
2008-02-01,7.7964
2008-02-04,7.7999
2008-02-05,7.7994
2008-02-06,7.8014
2008-02-07,7.7991
2008-02-08,7.8002
2008-02-11,7.796
2008-02-12,7.7988
2008-02-13,7.7989
2008-02-14,7.8
2008-02-15,7.7992
2008-02-18,7.7997
2008-02-19,7.8023
2008-02-20,7.7999
2008-02-21,7.7975
2008-02-22,7.7956
2008-02-25,7.7955
2008-02-26,7.793
2008-02-27,7.7844
2008-02-28,7.7815
2008-02-29,7.78
2008-03-03,7.784
2008-03-04,7.7838
2008-03-05,7.7892
2008-03-06,7.786
2008-03-07,7.7842
2008-03-10,7.79
2008-03-11,7.7876
2008-03-12,7.7851
2008-03-13,7.7829
2008-03-14,7.779
2008-03-17,7.7615
2008-03-18,7.7738
2008-03-19,7.7731
2008-03-20,7.7765
2008-03-21,7.7778
2008-03-24,7.7775
2008-03-25,7.7776
2008-03-26,7.7821
2008-03-27,7.779
2008-03-28,7.7808
2008-03-31,7.7825
2008-04-01,7.787
2008-04-02,7.7867
2008-04-03,7.7901
2008-04-04,7.7905
2008-04-07,7.7899
2008-04-08,7.789
2008-04-09,7.7899
2008-04-10,7.7876
2008-04-11,7.7889
2008-04-14,7.7928
2008-04-15,7.7936
2008-04-16,7.7936
2008-04-17,7.7925
2008-04-18,7.7936
2008-04-21,7.7934
2008-04-22,7.7929
2008-04-23,7.7945
2008-04-24,7.7892
2008-04-25,7.7906
2008-04-28,7.7891
2008-04-29,7.7921
2008-04-30,7.7931
2008-05-01,7.7939
2008-05-02,7.7933
2008-05-05,7.7929
2008-05-06,7.7928
2008-05-07,7.7933
2008-05-08,7.7946
2008-05-09,7.7951
2008-05-12,7.7951
2008-05-13,7.7958
2008-05-14,7.7987
2008-05-15,7.7991
2008-05-16,7.7997
2008-05-19,7.8001
2008-05-20,7.8003
2008-05-21,7.8002
2008-05-22,7.8004
2008-05-23,7.8014
2008-05-26,7.8029
2008-05-27,7.8061
2008-05-28,7.8052
2008-05-29,7.8032
2008-05-30,7.804
2008-06-02,7.8036
2008-06-03,7.8045
2008-06-04,7.8062
2008-06-05,7.8064
2008-06-06,7.8074
2008-06-09,7.8088
2008-06-10,7.8097
2008-06-11,7.8091
2008-06-12,7.8136
2008-06-13,7.8134
2008-06-16,7.8095
2008-06-17,7.8084
2008-06-18,7.804
2008-06-19,7.8061
2008-06-20,7.8037
2008-06-23,7.8079
2008-06-24,7.8073
2008-06-25,7.8077
2008-06-26,7.8036
2008-06-27,7.8026
2008-06-30,7.7971
2008-07-01,7.7994
2008-07-02,7.7972
2008-07-03,7.7975
2008-07-04,7.7991
2008-07-07,7.8002
2008-07-08,7.8004
2008-07-09,7.8015
2008-07-10,7.8024
2008-07-11,7.8041
2008-07-14,7.802
2008-07-15,7.7968
2008-07-16,7.8001
2008-07-17,7.7966
2008-07-18,7.7979
2008-07-21,7.797
2008-07-22,7.7969
2008-07-23,7.7986
2008-07-24,7.7992
2008-07-25,7.7985
2008-07-28,7.7986
2008-07-29,7.8024
2008-07-30,7.8021
2008-07-31,7.8014
2008-08-01,7.8045
2008-08-04,7.8035
2008-08-05,7.8035
2008-08-06,7.8041
2008-08-07,7.8037
2008-08-08,7.8103
2008-08-11,7.8088
2008-08-12,7.8082
2008-08-13,7.8076
2008-08-14,7.8096
2008-08-15,7.8122
2008-08-18,7.8117
2008-08-19,7.8103
2008-08-20,7.81
2008-08-21,7.8059
2008-08-22,7.8056
2008-08-25,7.8071
2008-08-26,7.8065
2008-08-27,7.8074
2008-08-28,7.806
2008-08-29,7.8042
2008-09-01,7.8053
2008-09-02,7.8072
2008-09-03,7.8076
2008-09-04,7.8074
2008-09-05,7.8065
2008-09-08,7.7998
2008-09-09,7.7994
2008-09-10,7.7985
2008-09-11,7.7974
2008-09-12,7.798
2008-09-15,7.79
2008-09-16,7.7774
2008-09-17,7.7793
2008-09-18,7.7837
2008-09-19,7.779
2008-09-22,7.7692
2008-09-23,7.7598
2008-09-24,7.765
2008-09-25,7.778
2008-09-26,7.7764
2008-09-29,7.7645
2008-09-30,7.7663
2008-10-01,7.768
2008-10-02,7.7714
2008-10-03,7.7698
2008-10-06,7.7682
2008-10-07,7.7723
2008-10-08,7.7633
2008-10-09,7.7628
2008-10-10,7.7582
2008-10-13,7.7577
2008-10-14,7.758
2008-10-15,7.7585
2008-10-16,7.7578
2008-10-17,7.7548
2008-10-20,7.7552
2008-10-21,7.7531
2008-10-22,7.7532
2008-10-23,7.7538
2008-10-24,7.7533
2008-10-27,7.7536
2008-10-28,7.7532
2008-10-29,7.752
2008-10-30,7.7514
2008-10-31,7.7504
2008-11-03,7.7498
2008-11-04,7.7502
2008-11-05,7.7497
2008-11-06,7.7495
2008-11-07,7.7504
2008-11-10,7.7504
2008-11-11,7.7506
2008-11-12,7.7507
2008-11-13,7.7505
2008-11-14,7.7495
2008-11-17,7.7502
2008-11-18,7.7497
2008-11-19,7.7504
2008-11-20,7.75
2008-11-21,7.7503
2008-11-24,7.7513
2008-11-25,7.7547
2008-11-26,7.753
2008-11-27,7.7516
2008-11-28,7.7505
2008-12-01,7.7506
2008-12-02,7.7507
2008-12-03,7.7517
2008-12-04,7.7515
2008-12-05,7.7504
2008-12-08,7.7503
2008-12-09,7.75
2008-12-10,7.7497
2008-12-11,7.75
2008-12-12,7.7497
2008-12-15,7.7498
2008-12-16,7.7496
2008-12-17,7.7497
2008-12-18,7.7504
2008-12-19,7.7504
2008-12-22,7.7505
2008-12-23,7.7496
2008-12-24,7.7506
2008-12-25,7.7511
2008-12-26,7.75
2008-12-29,7.75
2008-12-30,7.7496
2008-12-31,7.7498
2009-01-01,7.7496
2009-01-02,7.7509
2009-01-05,7.7523
2009-01-06,7.7532
2009-01-07,7.751
2009-01-08,7.7551
2009-01-09,7.7564
2009-01-12,7.7544
2009-01-13,7.757
2009-01-14,7.7568
2009-01-15,7.76
2009-01-16,7.7592
2009-01-19,7.7586
2009-01-20,7.7582
2009-01-21,7.7593
2009-01-22,7.7587
2009-01-23,7.7547
2009-01-26,7.7576
2009-01-27,7.7582
2009-01-28,7.7571
2009-01-29,7.7562
2009-01-30,7.754
2009-02-02,7.7544
2009-02-03,7.7534
2009-02-04,7.7531
2009-02-05,7.7527
2009-02-06,7.7528
2009-02-09,7.7522
2009-02-10,7.7515
2009-02-11,7.7515
2009-02-12,7.7512
2009-02-13,7.7525
2009-02-16,7.753
2009-02-17,7.7541
2009-02-18,7.7552
2009-02-19,7.7544
2009-02-20,7.7536
2009-02-23,7.7522
2009-02-24,7.7523
2009-02-25,7.7542
2009-02-26,7.7534
2009-02-27,7.7548
2009-03-02,7.757
2009-03-03,7.7583
2009-03-04,7.759
2009-03-05,7.7566
2009-03-06,7.7555
2009-03-09,7.755
2009-03-10,7.7557
2009-03-11,7.7547
2009-03-12,7.7525
2009-03-13,7.7526
2009-03-16,7.7515
2009-03-17,7.752
2009-03-18,7.7523
2009-03-19,7.7506
2009-03-20,7.7497
2009-03-23,7.7501
2009-03-24,7.7502
2009-03-25,7.7502
2009-03-26,7.7495
2009-03-27,7.7502
2009-03-30,7.7504
2009-03-31,7.7499
2009-04-01,7.75
2009-04-02,7.7495
2009-04-03,7.7497
2009-04-06,7.7504
2009-04-07,7.7502
2009-04-08,7.75
2009-04-09,7.7505
2009-04-10,7.7502
2009-04-13,7.7507
2009-04-14,7.7508
2009-04-15,7.7503
2009-04-16,7.7503
2009-04-17,7.75
2009-04-20,7.75
2009-04-21,7.7501
2009-04-22,7.7495
2009-04-23,7.7497
2009-04-24,7.7498
2009-04-27,7.7495
2009-04-28,7.7495
2009-04-29,7.7496
2009-04-30,7.7494
2009-05-01,7.7488
2009-05-04,7.7484
2009-05-05,7.7495
2009-05-06,7.7508
2009-05-07,7.7509
2009-05-08,7.7485
2009-05-11,7.7509
2009-05-12,7.7486
2009-05-13,7.7492
2009-05-14,7.7487
2009-05-15,7.7452
2009-05-18,7.7527
2009-05-19,7.7511
2009-05-20,7.7515
2009-05-21,7.7531
2009-05-22,7.7518
2009-05-25,7.7511
2009-05-26,7.7529
2009-05-27,7.7535
2009-05-28,7.7529
2009-05-29,7.752
2009-06-01,7.7507
2009-06-02,7.7507
2009-06-03,7.7522
2009-06-04,7.7514
2009-06-05,7.7513
2009-06-08,7.7514
2009-06-09,7.7509
2009-06-10,7.7516
2009-06-11,7.7509
2009-06-12,7.7502
2009-06-15,7.7506
2009-06-16,7.7501
2009-06-17,7.7501
2009-06-18,7.7502
2009-06-19,7.7503
2009-06-22,7.751
2009-06-23,7.75
2009-06-24,7.75
2009-06-25,7.7496
2009-06-26,7.7501
2009-06-29,7.7499
2009-06-30,7.7499
2009-07-01,7.7499
2009-07-02,7.7499
2009-07-03,7.7497
2009-07-06,7.7504
2009-07-07,7.7499
2009-07-08,7.7504
2009-07-09,7.7503
2009-07-10,7.7503
2009-07-13,7.75
2009-07-14,7.7501
2009-07-15,7.7499
2009-07-16,7.7499
2009-07-17,7.7497
2009-07-20,7.75
2009-07-21,7.75
2009-07-22,7.7503
2009-07-23,7.7497
2009-07-24,7.75
2009-07-27,7.7499
2009-07-28,7.7504
2009-07-29,7.7498
2009-07-30,7.7499
2009-07-31,7.7497
2009-08-03,7.7498
2009-08-04,7.7499
2009-08-05,7.75
2009-08-06,7.7502
2009-08-07,7.7503
2009-08-10,7.7501
2009-08-11,7.7505
2009-08-12,7.7504
2009-08-13,7.7504
2009-08-14,7.7505
2009-08-17,7.7507
2009-08-18,7.7511
2009-08-19,7.7514
2009-08-20,7.7511
2009-08-21,7.7509
2009-08-24,7.75
2009-08-25,7.7499
2009-08-26,7.7508
2009-08-27,7.7511
2009-08-28,7.7507
2009-08-31,7.7506
2009-09-01,7.7507
2009-09-02,7.7511
2009-09-03,7.7508
2009-09-04,7.7507
2009-09-07,7.7501
2009-09-08,7.7499
2009-09-09,7.7502
2009-09-10,7.7503
2009-09-11,7.7499
2009-09-14,7.7499
2009-09-15,7.7498
2009-09-16,7.7498
2009-09-17,7.75
2009-09-18,7.7502
2009-09-21,7.7502
2009-09-22,7.7501
2009-09-23,7.7501
2009-09-24,7.7501
2009-09-25,7.75
2009-09-28,7.7499
2009-09-29,7.7499
2009-09-30,7.7498
2009-10-01,7.7499
2009-10-02,7.75
2009-10-05,7.7501
2009-10-06,7.7499
2009-10-07,7.7499
2009-10-08,7.7499
2009-10-09,7.7498
2009-10-12,7.7497
2009-10-13,7.7499
2009-10-14,7.7498
2009-10-15,7.7496
2009-10-16,7.7498
2009-10-19,7.7499
2009-10-20,7.7498
2009-10-21,7.7497
2009-10-22,7.7498
2009-10-23,7.7499
2009-10-26,7.7499
2009-10-27,7.7498
2009-10-28,7.7498
2009-10-29,7.7501
2009-10-30,7.75
2009-11-02,7.7498
2009-11-03,7.7499
2009-11-04,7.7499
2009-11-05,7.7496
2009-11-06,7.7496
2009-11-09,7.7495
2009-11-10,7.7495
2009-11-11,7.7495
2009-11-12,7.7495
2009-11-13,7.7495
2009-11-16,7.7497
2009-11-17,7.7495
2009-11-18,7.7497
2009-11-19,7.7496
2009-11-20,7.75
2009-11-23,7.749
2009-11-24,7.7495
2009-11-25,7.75
2009-11-26,7.7497
2009-11-27,7.7502
2009-11-30,7.7495
2009-12-01,7.7495
2009-12-02,7.7498
2009-12-03,7.7495
2009-12-04,7.7498
2009-12-07,7.7496
2009-12-08,7.7501
2009-12-09,7.7502
2009-12-10,7.7502
2009-12-11,7.7503
2009-12-14,7.7514
2009-12-15,7.7521
2009-12-16,7.7524
2009-12-17,7.7555
2009-12-18,7.7569
2009-12-21,7.7543
2009-12-22,7.7547
2009-12-23,7.7535
2009-12-24,7.7554
2009-12-25,7.7554
2009-12-28,7.7547
2009-12-29,7.7548
2009-12-30,7.754
2009-12-31,7.7548
2010-01-01,7.7538
2010-01-04,7.7552
2010-01-05,7.7559
2010-01-06,7.7537
2010-01-07,7.7549
2010-01-08,7.7552
2010-01-11,7.7547
2010-01-12,7.7546
2010-01-13,7.7562
2010-01-14,7.7579
2010-01-15,7.7599
2010-01-18,7.7629
2010-01-19,7.7625
2010-01-20,7.7687
2010-01-21,7.7719
2010-01-22,7.7718
2010-01-25,7.769
2010-01-26,7.7757
2010-01-27,7.7763
2010-01-28,7.7669
2010-01-29,7.7648
2010-02-01,7.7677
2010-02-02,7.766
2010-02-03,7.7645
2010-02-04,7.7705
2010-02-05,7.7691
2010-02-08,7.7707
2010-02-09,7.7702
2010-02-10,7.7695
2010-02-11,7.7694
2010-02-12,7.7693
2010-02-15,7.7722
2010-02-16,7.7693
2010-02-17,7.767
2010-02-18,7.7655
2010-02-19,7.7656
2010-02-22,7.7625
2010-02-23,7.7618
2010-02-24,7.766
2010-02-25,7.764
2010-02-26,7.7615
2010-03-01,7.7648
2010-03-02,7.762
2010-03-03,7.7625
2010-03-04,7.7625
2010-03-05,7.7622
2010-03-08,7.7583
2010-03-09,7.7587
2010-03-10,7.7583
2010-03-11,7.7589
2010-03-12,7.7571
2010-03-15,7.7585
2010-03-16,7.7604
2010-03-17,7.7608
2010-03-18,7.7603
2010-03-19,7.7597
2010-03-22,7.761
2010-03-23,7.7619
2010-03-24,7.7615
2010-03-25,7.761
2010-03-26,7.7621
2010-03-29,7.763
2010-03-30,7.7647
2010-03-31,7.764
2010-04-01,7.766
2010-04-02,7.7676
2010-04-05,7.7656
2010-04-06,7.765
2010-04-07,7.7603
2010-04-08,7.7584
2010-04-09,7.7561
2010-04-12,7.7572
2010-04-13,7.76
2010-04-14,7.7612
2010-04-15,7.7602
2010-04-16,7.7612
2010-04-19,7.7628
2010-04-20,7.764
2010-04-21,7.7628
2010-04-22,7.7608
2010-04-23,7.762
2010-04-26,7.763
2010-04-27,7.764
2010-04-28,7.7683
2010-04-29,7.7653
2010-04-30,7.7635
2010-05-03,7.7629
2010-05-04,7.7643
2010-05-05,7.7671
2010-05-06,7.773
2010-05-07,7.7825
2010-05-10,7.7794
2010-05-11,7.7809
2010-05-12,7.7823
2010-05-13,7.7811
2010-05-14,7.7853
2010-05-17,7.7994
2010-05-18,7.7972
2010-05-19,7.8003
2010-05-20,7.8024
2010-05-21,7.8029
2010-05-24,7.8017
2010-05-25,7.8008
2010-05-26,7.7768
2010-05-27,7.7872
2010-05-28,7.7883
2010-05-31,7.786
2010-06-01,7.7905
2010-06-02,7.7915
2010-06-03,7.7923
2010-06-04,7.7934
2010-06-07,7.8043
2010-06-08,7.8039
2010-06-09,7.8018
2010-06-10,7.793
2010-06-11,7.7903
2010-06-14,7.7918
2010-06-15,7.7904
2010-06-16,7.7924
2010-06-17,7.783
2010-06-18,7.7823
2010-06-21,7.7695
2010-06-22,7.7765
2010-06-23,7.7775
2010-06-24,7.7782
2010-06-25,7.7777
2010-06-28,7.7815
2010-06-29,7.785
2010-06-30,7.788
2010-07-01,7.7885
2010-07-02,7.796
2010-07-05,7.7915
2010-07-06,7.788
2010-07-07,7.7888
2010-07-08,7.785
2010-07-09,7.7637
2010-07-12,7.7704
2010-07-13,7.7725
2010-07-14,7.7703
2010-07-15,7.7678
2010-07-16,7.7735
2010-07-19,7.7745
2010-07-20,7.775
2010-07-21,7.7751
2010-07-22,7.773
2010-07-23,7.767
2010-07-26,7.7655
2010-07-27,7.766
2010-07-28,7.7673
2010-07-29,7.7671
2010-07-30,7.7667
2010-08-02,7.764
2010-08-03,7.76
2010-08-04,7.7638
2010-08-05,7.7628
2010-08-06,7.7626
2010-08-09,7.7615
2010-08-10,7.7638
2010-08-11,7.766
2010-08-12,7.7695
2010-08-13,7.7722
2010-08-16,7.7737
2010-08-17,7.771
2010-08-18,7.7686
2010-08-19,7.7708
2010-08-20,7.7735
2010-08-23,7.7743
2010-08-24,7.7757
2010-08-25,7.777
2010-08-26,7.7763
2010-08-27,7.7784
2010-08-30,7.7785
2010-08-31,7.7794
2010-09-01,7.775
2010-09-02,7.7715
2010-09-03,7.7706
2010-09-06,7.766
2010-09-07,7.7701
2010-09-08,7.769
2010-09-09,7.7695
2010-09-10,7.7683
2010-09-13,7.7669
2010-09-14,7.7657
2010-09-15,7.7669
2010-09-16,7.7658
2010-09-17,7.7658
2010-09-20,7.7634
2010-09-21,7.761
2010-09-22,7.7589
2010-09-23,7.7595
2010-09-24,7.7569
2010-09-27,7.7581
2010-09-28,7.7578
2010-09-29,7.7585
2010-09-30,7.7595
2010-10-01,7.7583
2010-10-04,7.7566
2010-10-05,7.7555
2010-10-06,7.7548
2010-10-07,7.755
2010-10-08,7.7575
2010-10-11,7.758
2010-10-12,7.7577
2010-10-13,7.7594
2010-10-14,7.7575
2010-10-15,7.7571
2010-10-18,7.7569
2010-10-19,7.7592
2010-10-20,7.7631
2010-10-21,7.7633
2010-10-22,7.7608
2010-10-25,7.7575
2010-10-26,7.7595
2010-10-27,7.7576
2010-10-28,7.755
2010-10-29,7.7512
2010-11-01,7.7522
2010-11-02,7.7512
2010-11-03,7.7504
2010-11-04,7.7506
2010-11-05,7.7505
2010-11-08,7.7505
2010-11-09,7.7512
2010-11-10,7.7511
2010-11-11,7.7506
2010-11-12,7.7505
2010-11-15,7.7521
2010-11-16,7.7573
2010-11-17,7.757
2010-11-18,7.7542
2010-11-19,7.7543
2010-11-22,7.755
2010-11-23,7.7577
2010-11-24,7.7599
2010-11-25,7.759
2010-11-26,7.7631
2010-11-29,7.7658
2010-11-30,7.7656
2010-12-01,7.7679
2010-12-02,7.7655
2010-12-03,7.7642
2010-12-06,7.7605
2010-12-07,7.7624
2010-12-08,7.7668
2010-12-09,7.7739
2010-12-10,7.7734
2010-12-13,7.7782
2010-12-14,7.7723
2010-12-15,7.7762
2010-12-16,7.7766
2010-12-17,7.7778
2010-12-20,7.7742
2010-12-21,7.773
2010-12-22,7.7783
2010-12-23,7.7765
2010-12-24,7.7815
2010-12-27,7.7821
2010-12-28,7.7802
2010-12-29,7.7828
2010-12-30,7.7823
2010-12-31,7.7725
2011-01-03,7.7703
2011-01-04,7.7687
2011-01-05,7.7704
2011-01-06,7.7715
2011-01-07,7.772
2011-01-10,7.7768
2011-01-11,7.7755
2011-01-12,7.7749
2011-01-13,7.7734
2011-01-14,7.7747
2011-01-17,7.7756
2011-01-18,7.7777
2011-01-19,7.7788
2011-01-20,7.784
2011-01-21,7.7922
2011-01-24,7.797
2011-01-25,7.7886
2011-01-26,7.784
2011-01-27,7.7915
2011-01-28,7.7906
2011-01-31,7.7967
2011-02-01,7.791
2011-02-02,7.7873
2011-02-03,7.7857
2011-02-04,7.7857
2011-02-07,7.7831
2011-02-08,7.7828
2011-02-09,7.7865
2011-02-10,7.789
2011-02-11,7.7951
2011-02-14,7.7961
2011-02-15,7.793
2011-02-16,7.7896
2011-02-17,7.7871
2011-02-18,7.7847
2011-02-21,7.7835
2011-02-22,7.7931
2011-02-23,7.7959
2011-02-24,7.7961
2011-02-25,7.7933
2011-02-28,7.7875
2011-03-01,7.7903
2011-03-02,7.7905
2011-03-03,7.7875
2011-03-04,7.7859
2011-03-07,7.7866
2011-03-08,7.7892
2011-03-09,7.787
2011-03-10,7.7885
2011-03-11,7.7876
2011-03-14,7.7911
2011-03-15,7.796
2011-03-16,7.7979
2011-03-17,7.8023
2011-03-18,7.7997
2011-03-21,7.7971
2011-03-22,7.7947
2011-03-23,7.7948
2011-03-24,7.7934
2011-03-25,7.7949
2011-03-28,7.7979
2011-03-29,7.7911
2011-03-30,7.7828
2011-03-31,7.7792
2011-04-01,7.7782
2011-04-04,7.7731
2011-04-05,7.7739
2011-04-06,7.7744
2011-04-07,7.7707
2011-04-08,7.7711
2011-04-11,7.7693
2011-04-12,7.773
2011-04-13,7.7757
2011-04-14,7.7748
2011-04-15,7.7747
2011-04-18,7.7769
2011-04-19,7.7768
2011-04-20,7.7719
2011-04-21,7.7667
2011-04-22,7.771
2011-04-25,7.7716
2011-04-26,7.7708
2011-04-27,7.7705
2011-04-28,7.7685
2011-04-29,7.7656
2011-05-02,7.7661
2011-05-03,7.7653
2011-05-04,7.7704
2011-05-05,7.7719
2011-05-06,7.7706
2011-05-09,7.7726
2011-05-10,7.7715
2011-05-11,7.7721
2011-05-12,7.7722
2011-05-13,7.7724
2011-05-16,7.7762
2011-05-17,7.774
2011-05-18,7.7741
2011-05-19,7.774
2011-05-20,7.7725
2011-05-23,7.7781
2011-05-24,7.777
2011-05-25,7.7843
2011-05-26,7.7828
2011-05-27,7.7803
2011-05-30,7.7789
2011-05-31,7.7773
2011-06-01,7.7792
2011-06-02,7.7778
2011-06-03,7.778
2011-06-06,7.7781
2011-06-07,7.7788
2011-06-08,7.7823
2011-06-09,7.783
2011-06-10,7.7841
2011-06-13,7.7855
2011-06-14,7.7847
2011-06-15,7.7875
2011-06-16,7.8021
2011-06-17,7.7895
2011-06-20,7.791
2011-06-21,7.7895
2011-06-22,7.7881
2011-06-23,7.7905
2011-06-24,7.7886
2011-06-27,7.7866
2011-06-28,7.7852
2011-06-29,7.7821
2011-06-30,7.7821
2011-07-01,7.7816
2011-07-04,7.7795
2011-07-05,7.7803
2011-07-06,7.7825
2011-07-07,7.7831
2011-07-08,7.7819
2011-07-11,7.7896
2011-07-12,7.7949
2011-07-13,7.788
2011-07-14,7.7874
2011-07-15,7.7937
2011-07-18,7.797
2011-07-19,7.7947
2011-07-20,7.7916
2011-07-21,7.7918
2011-07-22,7.791
2011-07-25,7.7923
2011-07-26,7.7904
2011-07-27,7.7904
2011-07-28,7.7924
2011-07-29,7.7928
2011-08-01,7.7903
2011-08-02,7.7943
2011-08-03,7.799
2011-08-04,7.8005
2011-08-05,7.8074
2011-08-08,7.8065
2011-08-09,7.8065
2011-08-10,7.8059
2011-08-11,7.7932
2011-08-12,7.7924
2011-08-15,7.7904
2011-08-16,7.792
2011-08-17,7.79
2011-08-18,7.794
2011-08-19,7.7956
2011-08-22,7.7991
2011-08-23,7.7956
2011-08-24,7.7945
2011-08-25,7.795
2011-08-26,7.7971
2011-08-29,7.7927
2011-08-30,7.7927
2011-08-31,7.7852
2011-09-01,7.7822
2011-09-02,7.7884
2011-09-05,7.7905
2011-09-06,7.795
2011-09-07,7.7937
2011-09-08,7.7932
2011-09-09,7.7942
2011-09-12,7.8025
2011-09-13,7.8038
2011-09-14,7.7972
2011-09-15,7.7905
2011-09-16,7.7918
2011-09-19,7.7965
2011-09-20,7.7893
2011-09-21,7.793
2011-09-22,7.8023
2011-09-23,7.803
2011-09-26,7.7973
2011-09-27,7.7949
2011-09-28,7.7941
2011-09-29,7.7917
2011-09-30,7.7843
2011-10-03,7.7874
2011-10-04,7.7848
2011-10-05,7.7847
2011-10-06,7.7812
2011-10-07,7.7821
2011-10-10,7.7814
2011-10-11,7.78
2011-10-12,7.7805
2011-10-13,7.776
2011-10-14,7.7776
2011-10-17,7.7777
2011-10-18,7.7761
2011-10-19,7.7767
2011-10-20,7.7787
2011-10-21,7.7816
2011-10-24,7.7762
2011-10-25,7.7745
2011-10-26,7.7728
2011-10-27,7.7681
2011-10-28,7.7636
2011-10-31,7.7686
2011-11-01,7.7711
2011-11-02,7.7693
2011-11-03,7.7671
2011-11-04,7.7675
2011-11-07,7.7683
2011-11-08,7.7683
2011-11-09,7.7738
2011-11-10,7.779
2011-11-11,7.7771
2011-11-14,7.781
2011-11-15,7.7828
2011-11-16,7.7838
2011-11-17,7.7874
2011-11-18,7.7888
2011-11-21,7.7893
2011-11-22,7.7927
2011-11-23,7.7931
2011-11-24,7.7966
2011-11-25,7.7957
2011-11-28,7.7945
2011-11-29,7.7925
2011-11-30,7.7674
2011-12-01,7.769
2011-12-02,7.7685
2011-12-05,7.7698
2011-12-06,7.772
2011-12-07,7.7715
2011-12-08,7.7754
2011-12-09,7.7821
2011-12-12,7.7827
2011-12-13,7.7765
2011-12-14,7.7821
2011-12-15,7.7808
2011-12-16,7.7844
2011-12-19,7.7844
2011-12-20,7.781
2011-12-21,7.7796
2011-12-22,7.7815
2011-12-23,7.7772
2011-12-26,7.7773
2011-12-27,7.7769
2011-12-28,7.7745
2011-12-29,7.7722
2011-12-30,7.7671
2012-01-02,7.7669
2012-01-03,7.7666
2012-01-04,7.7675
2012-01-05,7.7647
2012-01-06,7.7635
2012-01-09,7.7647
2012-01-10,7.7656
2012-01-11,7.7657
2012-01-12,7.7661
2012-01-13,7.7665
2012-01-16,7.7673
2012-01-17,7.7637
2012-01-18,7.7606
2012-01-19,7.7594
2012-01-20,7.7623
2012-01-23,7.7603
2012-01-24,7.7599
2012-01-25,7.7595
2012-01-26,7.7562
2012-01-27,7.7542
2012-01-30,7.7555
2012-01-31,7.7547
2012-02-01,7.7552
2012-02-02,7.7549
2012-02-03,7.7536
2012-02-06,7.7531
2012-02-07,7.7532
2012-02-08,7.7533
2012-02-09,7.7543
2012-02-10,7.7549
2012-02-13,7.754
2012-02-14,7.7536
2012-02-15,7.7532
2012-02-16,7.7534
2012-02-17,7.7534
2012-02-20,7.754
2012-02-21,7.7537
2012-02-22,7.7541
2012-02-23,7.7553
2012-02-24,7.754
2012-02-27,7.7551
2012-02-28,7.7553
2012-02-29,7.7561
2012-03-01,7.755
2012-03-02,7.7583
2012-03-05,7.7632
2012-03-06,7.7625
2012-03-07,7.7633
2012-03-08,7.7555
2012-03-09,7.7575
2012-03-12,7.7576
2012-03-13,7.7589
2012-03-14,7.7609
2012-03-15,7.7616
2012-03-16,7.7624
2012-03-19,7.7622
2012-03-20,7.7632
2012-03-21,7.7636
2012-03-22,7.7645
2012-03-23,7.7677
2012-03-26,7.7684
2012-03-27,7.7641
2012-03-28,7.7641
2012-03-29,7.7634
2012-03-30,7.7655
2012-04-02,7.7651
2012-04-03,7.7649
2012-04-04,7.7643
2012-04-05,7.7643
2012-04-06,7.765
2012-04-09,7.7655
2012-04-10,7.7643
2012-04-11,7.7641
2012-04-12,7.7633
2012-04-13,7.76
2012-04-16,7.7575
2012-04-17,7.7588
2012-04-18,7.7605
2012-04-19,7.7615
2012-04-20,7.7603
2012-04-23,7.7603
2012-04-24,7.7592
2012-04-25,7.7593
2012-04-26,7.7598
2012-04-27,7.7588
2012-04-30,7.7581
2012-05-01,7.758
2012-05-02,7.7581
2012-05-03,7.7587
2012-05-04,7.7604
2012-05-07,7.7624
2012-05-08,7.7623
2012-05-09,7.7633
2012-05-10,7.7629
2012-05-11,7.7658
2012-05-14,7.7658
2012-05-15,7.7681
2012-05-16,7.7678
2012-05-17,7.7693
2012-05-18,7.7662
2012-05-21,7.7639
2012-05-22,7.7642
2012-05-23,7.7642
2012-05-24,7.7632
2012-05-25,7.7625
2012-05-28,7.7623
2012-05-29,7.7639
2012-05-30,7.7668
2012-05-31,7.7621
2012-06-01,7.76
2012-06-04,7.7584
2012-06-05,7.7586
2012-06-06,7.7581
2012-06-07,7.7579
2012-06-08,7.7573
2012-06-11,7.76
2012-06-12,7.7577
2012-06-13,7.7588
2012-06-14,7.7588
2012-06-15,7.7584
2012-06-18,7.7585
2012-06-19,7.7588
2012-06-20,7.7588
2012-06-21,7.76
2012-06-22,7.7599
2012-06-25,7.7601
2012-06-26,7.759
2012-06-27,7.7581
2012-06-28,7.7586
2012-06-29,7.7575
2012-07-02,7.7576
2012-07-03,7.7541
2012-07-04,7.7544
2012-07-05,7.7546
2012-07-06,7.753
2012-07-09,7.7547
2012-07-10,7.7539
2012-07-11,7.7542
2012-07-12,7.7568
2012-07-13,7.7561
2012-07-16,7.7569
2012-07-17,7.7563
2012-07-18,7.7557
2012-07-19,7.7551
2012-07-20,7.756
2012-07-23,7.7574
2012-07-24,7.7575
2012-07-25,7.7576
2012-07-26,7.7581
2012-07-27,7.7566
2012-07-30,7.7551
2012-07-31,7.7538
2012-08-01,7.7553
2012-08-02,7.7535
2012-08-03,7.7544
2012-08-06,7.7552
2012-08-07,7.7544
2012-08-08,7.7553
2012-08-09,7.7556
2012-08-10,7.757
2012-08-13,7.7563
2012-08-14,7.7564
2012-08-15,7.7573
2012-08-16,7.7568
2012-08-17,7.756
2012-08-20,7.7571
2012-08-21,7.7565
2012-08-22,7.7563
2012-08-23,7.7562
2012-08-24,7.7565
2012-08-27,7.7556
2012-08-28,7.7555
2012-08-29,7.7554
2012-08-30,7.756
2012-08-31,7.7552
2012-09-03,7.7566
2012-09-04,7.7559
2012-09-05,7.7567
2012-09-06,7.7562
2012-09-07,7.7554
2012-09-10,7.755
2012-09-11,7.754
2012-09-12,7.7539
2012-09-13,7.7545
2012-09-14,7.7506
2012-09-17,7.7518
2012-09-18,7.7521
2012-09-19,7.7528
2012-09-20,7.7532
2012-09-21,7.7522
2012-09-24,7.7531
2012-09-25,7.7533
2012-09-26,7.7537
2012-09-27,7.7538
2012-09-28,7.754
2012-10-01,7.7541
2012-10-02,7.7544
2012-10-03,7.7544
2012-10-04,7.7544
2012-10-05,7.7515
2012-10-08,7.752
2012-10-09,7.7518
2012-10-10,7.752
2012-10-11,7.7515
2012-10-12,7.7513
2012-10-15,7.7509
2012-10-16,7.7508
2012-10-17,7.7513
2012-10-18,7.7499
2012-10-19,7.75
2012-10-22,7.7503
2012-10-23,7.7498
2012-10-24,7.7502
2012-10-25,7.7501
2012-10-26,7.75
2012-10-29,7.7501
2012-10-30,7.7501
2012-10-31,7.7495
2012-11-01,7.75
2012-11-02,7.75
2012-11-05,7.7501
2012-11-06,7.7501
2012-11-07,7.7504
2012-11-08,7.7513
2012-11-09,7.751
2012-11-12,7.7504
2012-11-13,7.7503
2012-11-14,7.7504
2012-11-15,7.7515
2012-11-16,7.752
2012-11-19,7.752
2012-11-20,7.7499
2012-11-21,7.7504
2012-11-22,7.7507
2012-11-23,7.7501
2012-11-26,7.75
2012-11-27,7.7499
2012-11-28,7.75
2012-11-29,7.75
2012-11-30,7.7499
2012-12-03,7.7499
2012-12-04,7.75
2012-12-05,7.7496
2012-12-06,7.7495
2012-12-07,7.75
2012-12-10,7.7495
2012-12-11,7.7496
2012-12-12,7.7498
2012-12-13,7.75
2012-12-14,7.75
2012-12-17,7.7501
2012-12-18,7.75
2012-12-19,7.75
2012-12-20,7.7499
2012-12-21,7.7499
2012-12-24,7.7503
2012-12-25,7.7503
2012-12-26,7.7501
2012-12-27,7.7516
2012-12-28,7.7511
2012-12-31,7.7503
2013-01-01,7.7502
2013-01-02,7.7507
2013-01-03,7.7505
2013-01-04,7.7503
2013-01-07,7.7504
2013-01-08,7.7509
2013-01-09,7.752
2013-01-10,7.7512
2013-01-11,7.7513
2013-01-14,7.752
2013-01-15,7.7518
2013-01-16,7.752
2013-01-17,7.7522
2013-01-18,7.7524
2013-01-21,7.7531
2013-01-22,7.7536
2013-01-23,7.7527
2013-01-24,7.7533
2013-01-25,7.754
2013-01-28,7.7565
2013-01-29,7.7582
2013-01-30,7.7575
2013-01-31,7.7551
2013-02-01,7.7559
2013-02-04,7.7534
2013-02-05,7.7546
2013-02-06,7.7541
2013-02-07,7.7546
2013-02-08,7.7543
2013-02-11,7.7548
2013-02-12,7.7548
2013-02-13,7.756
2013-02-14,7.7538
2013-02-15,7.7543
2013-02-18,7.7539
2013-02-19,7.7538
2013-02-20,7.7539
2013-02-21,7.7557
2013-02-22,7.7558
2013-02-25,7.7559
2013-02-26,7.7582
2013-02-27,7.7573
2013-02-28,7.755
2013-03-01,7.7545
2013-03-04,7.755
2013-03-05,7.7555
2013-03-06,7.7557
2013-03-07,7.756
2013-03-08,7.7568
2013-03-11,7.7566
2013-03-12,7.7563
2013-03-13,7.7587
2013-03-14,7.7582
2013-03-15,7.7575
2013-03-18,7.7618
2013-03-19,7.7619
2013-03-20,7.7626
2013-03-21,7.7631
2013-03-22,7.7628
2013-03-25,7.7609
2013-03-26,7.7597
2013-03-27,7.7633
2013-03-28,7.7621
2013-03-29,7.7633
2013-04-01,7.7625
2013-04-02,7.7622
2013-04-03,7.7616
2013-04-04,7.763
2013-04-05,7.765
2013-04-08,7.7631
2013-04-09,7.7636
2013-04-10,7.7627
2013-04-11,7.7608
2013-04-12,7.7619
2013-04-15,7.7619
2013-04-16,7.7623
2013-04-17,7.763
2013-04-18,7.7642
2013-04-19,7.7637
2013-04-22,7.7637
2013-04-23,7.7644
2013-04-24,7.7641
2013-04-25,7.7641
2013-04-26,7.763
2013-04-29,7.7606
2013-04-30,7.76
2013-05-01,7.7596
2013-05-02,7.7588
2013-05-03,7.7585
2013-05-06,7.7588
2013-05-07,7.7604
2013-05-08,7.7595
2013-05-09,7.7584
2013-05-10,7.7605
2013-05-13,7.7609
2013-05-14,7.7616
2013-05-15,7.7613
2013-05-16,7.7632
2013-05-17,7.7625
2013-05-20,7.7622
2013-05-21,7.7606
2013-05-22,7.7605
2013-05-23,7.7627
2013-05-24,7.7627
2013-05-27,7.7629
2013-05-28,7.7633
2013-05-29,7.7638
2013-05-30,7.7633
2013-05-31,7.7626
2013-06-03,7.7622
2013-06-04,7.76
2013-06-05,7.7603
2013-06-06,7.7628
2013-06-07,7.7621
2013-06-10,7.7638
2013-06-11,7.7641
2013-06-12,7.7646
2013-06-13,7.7643
2013-06-14,7.761
2013-06-17,7.7596
2013-06-18,7.7582
2013-06-19,7.7569
2013-06-20,7.7554
2013-06-21,7.7582
2013-06-24,7.7575
2013-06-25,7.7575
2013-06-26,7.7589
2013-06-27,7.7568
2013-06-28,7.7566
2013-07-01,7.7554
2013-07-02,7.7533
2013-07-03,7.754
2013-07-04,7.7529
2013-07-05,7.7536
2013-07-08,7.755
2013-07-09,7.7567
2013-07-10,7.7567
2013-07-11,7.7564
2013-07-12,7.7583
2013-07-15,7.7582
2013-07-16,7.7571
2013-07-17,7.7568
2013-07-18,7.7576
2013-07-19,7.7571
2013-07-22,7.7585
2013-07-23,7.7574
2013-07-24,7.7576
2013-07-25,7.7572
2013-07-26,7.7559
2013-07-29,7.757
2013-07-30,7.7551
2013-07-31,7.7553
2013-08-01,7.7562
2013-08-02,7.7558
2013-08-05,7.7567
2013-08-06,7.7563
2013-08-07,7.7568
2013-08-08,7.7559
2013-08-09,7.7552
2013-08-12,7.7557
2013-08-13,7.7551
2013-08-14,7.7551
2013-08-15,7.7543
2013-08-16,7.7536
2013-08-19,7.7545
2013-08-20,7.7543
2013-08-21,7.7544
2013-08-22,7.7553
2013-08-23,7.7551
2013-08-26,7.7556
2013-08-27,7.7562
2013-08-28,7.7553
2013-08-29,7.7554
2013-08-30,7.755
2013-09-02,7.7541
2013-09-03,7.7549
2013-09-04,7.7551
2013-09-05,7.7553
2013-09-06,7.755
2013-09-09,7.7547
2013-09-10,7.7546
2013-09-11,7.7541
2013-09-12,7.754
2013-09-13,7.7538
2013-09-16,7.754
2013-09-17,7.7539
2013-09-18,7.753
2013-09-19,7.7535
2013-09-20,7.7525
2013-09-23,7.7531
2013-09-24,7.7536
2013-09-25,7.7536
2013-09-26,7.754
2013-09-27,7.7537
2013-09-30,7.7556
2013-10-01,7.7539
2013-10-02,7.7544
2013-10-03,7.7539
2013-10-04,7.7541
2013-10-07,7.754
2013-10-08,7.754
2013-10-09,7.7545
2013-10-10,7.7546
2013-10-11,7.754
2013-10-14,7.7544
2013-10-15,7.7541
2013-10-16,7.7544
2013-10-17,7.7537
2013-10-18,7.753
2013-10-21,7.7524
2013-10-22,7.7522
2013-10-23,7.7527
2013-10-24,7.7531
2013-10-25,7.7525
2013-10-28,7.7531
2013-10-29,7.7534
2013-10-30,7.753
2013-10-31,7.7529
2013-11-01,7.7514
2013-11-04,7.7514
2013-11-05,7.7516
2013-11-06,7.7511
2013-11-07,7.7516
2013-11-08,7.7515
2013-11-11,7.7525
2013-11-12,7.7528
2013-11-13,7.7531
2013-11-14,7.7536
2013-11-15,7.7537
2013-11-18,7.752
2013-11-19,7.7515
2013-11-20,7.7514
2013-11-21,7.7523
2013-11-22,7.7525
2013-11-25,7.7525
2013-11-26,7.7518
2013-11-27,7.7528
2013-11-28,7.7527
2013-11-29,7.7525
2013-12-02,7.7518
2013-12-03,7.7524
2013-12-04,7.7528
2013-12-05,7.7538
2013-12-06,7.7542
2013-12-09,7.7531
2013-12-10,7.7534
2013-12-11,7.7538
2013-12-12,7.7534
2013-12-13,7.7535
2013-12-16,7.7532
2013-12-17,7.7524
2013-12-18,7.7523
2013-12-19,7.7533
2013-12-20,7.7543
2013-12-23,7.7535
2013-12-24,7.7545
2013-12-25,7.7546
2013-12-26,7.7549
2013-12-27,7.7545
2013-12-30,7.7546
2013-12-31,7.7538
2014-01-01,7.7537
2014-01-02,7.7537
2014-01-03,7.7536
2014-01-06,7.7544
2014-01-07,7.7542
2014-01-08,7.754
2014-01-09,7.7542
2014-01-10,7.7542
2014-01-13,7.7543
2014-01-14,7.7542
2014-01-15,7.7541
2014-01-16,7.7547
2014-01-17,7.7552
2014-01-20,7.7561
2014-01-21,7.7565
2014-01-22,7.7576
2014-01-23,7.7584
2014-01-24,7.7622
2014-01-27,7.7661
2014-01-28,7.765
2014-01-29,7.7636
2014-01-30,7.7666
2014-01-31,7.7632
2014-02-03,7.7669
2014-02-04,7.7634
2014-02-05,7.7612
2014-02-06,7.7592
2014-02-07,7.7583
2014-02-10,7.7571
2014-02-11,7.7558
2014-02-12,7.7564
2014-02-13,7.7553
2014-02-14,7.755
2014-02-17,7.7547
2014-02-18,7.7539
2014-02-19,7.7549
2014-02-20,7.7553
2014-02-21,7.755
2014-02-24,7.7586
2014-02-25,7.7603
2014-02-26,7.7612
2014-02-27,7.7611
2014-02-28,7.7601
2014-03-03,7.7615
2014-03-04,7.7607
2014-03-05,7.7606
2014-03-06,7.7606
2014-03-07,7.7605
2014-03-10,7.7611
2014-03-11,7.7622
2014-03-12,7.7642
2014-03-13,7.7649
2014-03-14,7.7669
2014-03-17,7.7664
2014-03-18,7.7666
2014-03-19,7.7653
2014-03-20,7.7644
2014-03-21,7.7578
2014-03-24,7.7569
2014-03-25,7.7564
2014-03-26,7.758
2014-03-27,7.7579
2014-03-28,7.7571
2014-03-31,7.7564
2014-04-01,7.7562
2014-04-02,7.7557
2014-04-03,7.7567
2014-04-04,7.7563
2014-04-07,7.755
2014-04-08,7.7538
2014-04-09,7.753
2014-04-10,7.7527
2014-04-11,7.7527
2014-04-14,7.753
2014-04-15,7.754
2014-04-16,7.7538
2014-04-17,7.7542
2014-04-18,7.7538
2014-04-21,7.7534
2014-04-22,7.7526
2014-04-23,7.7525
2014-04-24,7.753
2014-04-25,7.7532
2014-04-28,7.7527
2014-04-29,7.7533
2014-04-30,7.7523
2014-05-01,7.7524
2014-05-02,7.7521
2014-05-05,7.752
2014-05-06,7.7518
2014-05-07,7.7515
2014-05-08,7.7514
2014-05-09,7.7515
2014-05-12,7.7514
2014-05-13,7.7513
2014-05-14,7.7512
2014-05-15,7.7516
2014-05-16,7.7521
2014-05-19,7.7518
2014-05-20,7.7522
2014-05-21,7.7526
2014-05-22,7.7534
2014-05-23,7.753
2014-05-26,7.7529
2014-05-27,7.7531
2014-05-28,7.7535
2014-05-29,7.7524
2014-05-30,7.7526
2014-06-02,7.7533
2014-06-03,7.7524
2014-06-04,7.7524
2014-06-05,7.7524
2014-06-06,7.7524
2014-06-09,7.7513
2014-06-10,7.7511
2014-06-11,7.7514
2014-06-12,7.7513
2014-06-13,7.7515
2014-06-16,7.7509
2014-06-17,7.751
2014-06-18,7.7508
2014-06-19,7.7503
2014-06-20,7.7515
2014-06-23,7.7509
2014-06-24,7.7512
2014-06-25,7.7516
2014-06-26,7.7516
2014-06-27,7.7512
2014-06-30,7.7503
2014-07-01,7.7504
2014-07-02,7.7499
2014-07-03,7.7499
2014-07-04,7.7497
2014-07-07,7.7502
2014-07-08,7.75
2014-07-09,7.7498
2014-07-10,7.7497
2014-07-11,7.7495
2014-07-14,7.7499
2014-07-15,7.7499
2014-07-16,7.7505
2014-07-17,7.7503
2014-07-18,7.7504
2014-07-21,7.7514
2014-07-22,7.7509
2014-07-23,7.7502
2014-07-24,7.7498
2014-07-25,7.7499
2014-07-28,7.7498
2014-07-29,7.7497
2014-07-30,7.75
2014-07-31,7.7496
2014-08-01,7.7498
2014-08-04,7.7496
2014-08-05,7.7496
2014-08-06,7.7499
2014-08-07,7.7507
2014-08-08,7.7515
2014-08-11,7.7509
2014-08-12,7.7509
2014-08-13,7.7507
2014-08-14,7.7503
2014-08-15,7.7502
2014-08-18,7.7502
2014-08-19,7.7506
2014-08-20,7.7503
2014-08-21,7.7498
2014-08-22,7.7495
2014-08-25,7.7497
2014-08-26,7.7503
2014-08-27,7.7499
2014-08-28,7.7497
2014-08-29,7.75
2014-09-01,7.7501
2014-09-02,7.7501
2014-09-03,7.7499
2014-09-04,7.7499
2014-09-05,7.7496
2014-09-08,7.75
2014-09-09,7.7505
2014-09-10,7.7506
2014-09-11,7.75
2014-09-12,7.7504
2014-09-15,7.7507
2014-09-16,7.7506
2014-09-17,7.7503
2014-09-18,7.7505
2014-09-19,7.7504
2014-09-22,7.7513
2014-09-23,7.7516
2014-09-24,7.7519
2014-09-25,7.754
2014-09-26,7.7576
2014-09-29,7.7686
2014-09-30,7.7647
2014-10-01,7.7641
2014-10-02,7.7626
2014-10-03,7.762
2014-10-06,7.7548
2014-10-07,7.7549
2014-10-08,7.7566
2014-10-09,7.756
2014-10-10,7.758
2014-10-13,7.7577
2014-10-14,7.7567
2014-10-15,7.7563
2014-10-16,7.7586
2014-10-17,7.7571
2014-10-20,7.7574
2014-10-21,7.7557
2014-10-22,7.7562
2014-10-23,7.7566
2014-10-24,7.7571
2014-10-27,7.7569
2014-10-28,7.757
2014-10-29,7.7546
2014-10-30,7.7551
2014-10-31,7.7544
2014-11-03,7.7528
2014-11-04,7.7519
2014-11-05,7.7512
2014-11-06,7.7523
2014-11-07,7.7525
2014-11-10,7.75418
2014-11-11,7.7547
2014-11-12,7.7545
2014-11-13,7.75425
2014-11-14,7.754
2014-11-17,7.7545
2014-11-18,7.75447
2014-11-19,7.75483
2014-11-20,7.75585
2014-11-21,7.7578
2014-11-24,7.75546
2014-11-25,7.7543
2014-11-26,7.7538
2014-11-27,7.7526
2014-11-28,7.7535
2014-12-01,7.7551
2014-12-02,7.7545
2014-12-03,7.7538
2014-12-04,7.7511
2014-12-05,7.751
2014-12-08,7.7513
2014-12-09,7.7522
2014-12-10,7.7511
2014-12-11,7.7514
2014-12-12,7.7512
2014-12-15,7.7526
2014-12-16,7.7534
2014-12-17,7.75525
2014-12-18,7.75575
2014-12-19,7.7554
2014-12-22,7.7553
2014-12-23,7.75628
2014-12-24,7.762
2014-12-25,7.7597
2014-12-26,7.7602
2014-12-30,7.757
2014-12-31,7.7578
2015-01-01,7.75605
2015-01-02,7.7561
2015-01-05,7.7558
2015-01-06,7.7542
2015-01-07,7.75434
2015-01-08,7.7547
2015-01-09,7.7528
2015-01-12,7.7529
2015-01-13,7.7529
2015-01-14,7.7539
2015-01-15,7.7528
2015-01-16,7.7506
2015-01-19,7.752
2015-01-20,7.752
2015-01-21,7.75087
2015-01-22,7.7522
2015-01-23,7.7505
2015-01-26,7.75163
2015-01-27,7.7521
2015-01-28,7.75155
2015-01-29,7.75167
2015-01-30,7.7518
2015-02-02,7.7527
2015-02-03,7.7545
2015-02-04,7.75216
2015-02-05,7.752
2015-02-06,7.7529
2015-02-09,7.75319
2015-02-10,7.7534
2015-02-11,7.7539
2015-02-12,7.75436
2015-02-13,7.7548
2015-02-16,7.75875
2015-02-17,7.7591
2015-02-18,7.75775
2015-02-19,7.75779
2015-02-20,7.756
2015-02-23,7.7567
2015-02-24,7.75674
2015-02-25,7.75666
2015-02-26,7.7549
2015-02-27,7.7548
2015-03-02,7.75443
2015-03-03,7.7547
2015-03-04,7.7551
2015-03-05,7.75537
2015-03-06,7.7562
2015-03-09,7.75903
2015-03-10,7.76062
2015-03-11,7.7679
2015-03-12,7.7674
2015-03-13,7.7665
2015-03-16,7.76437
2015-03-17,7.7624
2015-03-18,7.759
2015-03-19,7.7582
2015-03-20,7.759
2015-03-23,7.7558
2015-03-24,7.7562
2015-03-25,7.7548
2015-03-26,7.7538
2015-03-27,7.753
2015-03-30,7.7546
2015-03-31,7.7525
2015-04-01,7.7526
2015-04-02,7.7522
2015-04-03,7.7517
2015-04-06,7.7521
2015-04-07,7.7519
2015-04-08,7.75005
2015-04-09,7.75
2015-04-10,7.75
2015-04-13,7.75
2015-04-14,7.7528
2015-04-15,7.751
2015-04-16,7.75233
2015-04-17,7.7518
2015-04-20,7.7496
2015-04-21,7.7501
2015-04-22,7.75001
2015-04-23,7.75
2015-04-24,7.75
2015-04-27,7.75013
2015-04-28,7.7503
2015-04-29,7.7502
2015-04-30,7.7505
2015-05-01,7.7519
2015-05-04,7.7525
2015-05-05,7.7513
2015-05-06,7.75153
2015-05-07,7.7532
2015-05-08,7.7532
2015-05-11,7.7521
2015-05-12,7.7516
2015-05-13,7.7517
2015-05-14,7.751
2015-05-15,7.7509
2015-05-18,7.7509
2015-05-19,7.752
2015-05-20,7.7521
2015-05-21,7.7536
2015-05-22,7.7513
2015-05-25,7.7519
2015-05-26,7.752
2015-05-27,7.7577
2015-05-28,7.7532
2015-05-29,7.7526
2015-06-01,7.75495
2015-06-02,7.7556
2015-06-03,7.753
2015-06-04,7.75162
2015-06-05,7.7525
2015-06-08,7.7521
2015-06-09,7.7532
2015-06-10,7.7526
2015-06-11,7.7527
2015-06-12,7.7524
2015-06-15,7.7523
2015-06-16,7.752
2015-06-17,7.7522
2015-06-18,7.7522
2015-06-19,7.7514
2015-06-22,7.7508
2015-06-23,7.7525
2015-06-24,7.75231
2015-06-25,7.752
2015-06-26,7.7519
2015-06-29,7.7522
2015-06-30,7.75112
2015-07-01,7.75199
2015-07-02,7.7515
2015-07-03,7.7518
2015-07-06,7.7527
2015-07-07,7.7547
2015-07-08,7.7523
2015-07-09,7.7517
2015-07-10,7.7506
2015-07-13,7.7516
2015-07-14,7.7513
2015-07-15,7.7504
2015-07-16,7.7508
2015-07-17,7.7503
2015-07-20,7.7507
2015-07-21,7.7509
2015-07-22,7.75
2015-07-23,7.751
2015-07-24,7.7506
2015-07-27,7.7509
2015-07-28,7.7511
2015-07-29,7.75128
2015-07-30,7.7527
2015-07-31,7.7525
2015-08-03,7.75286
2015-08-04,7.75321
2015-08-05,7.75154
2015-08-06,7.751
2015-08-07,7.7515
2015-08-10,7.75225
2015-08-11,7.7606
2015-08-12,7.7555
2015-08-13,7.7547
2015-08-14,7.7558
2015-08-17,7.7546
2015-08-18,7.7544
2015-08-19,7.7536
2015-08-20,7.7522
2015-08-21,7.7521
2015-08-24,7.7515
2015-08-25,7.7513
2015-08-26,7.7516
2015-08-27,7.7502
2015-08-28,7.7495
2015-08-31,7.75006
2015-09-01,7.75
2015-09-02,7.75
2015-09-03,7.7503
2015-09-04,7.7494
2015-09-07,7.75
2015-09-08,7.75057
2015-09-09,7.751
2015-09-10,7.74987
2015-09-11,7.7495
2015-09-14,7.75
2015-09-15,7.74967
2015-09-16,7.74984
2015-09-17,7.75
2015-09-18,7.7495
2015-09-21,7.75
2015-09-22,7.75
2015-09-23,7.75
2015-09-24,7.7504
2015-09-25,7.753
2015-09-28,7.7502
2015-09-29,7.7502
2015-09-30,7.75005
2015-10-01,7.75
2015-10-02,7.7505
2015-10-05,7.75
2015-10-06,7.75
2015-10-07,7.74997
2015-10-08,7.75
2015-10-09,7.7495
2015-10-12,7.75
2015-10-13,7.75
2015-10-14,7.74964
2015-10-15,7.75
2015-10-16,7.75
2015-10-19,7.7496
2015-10-20,7.75
2015-10-21,7.7501
2015-10-22,7.74989
2015-10-23,7.7495
2015-10-26,7.75
2015-10-27,7.75
2015-10-28,7.75
2015-10-29,7.7501
2015-10-30,7.7505
2015-11-02,7.74976
2015-11-03,7.7503
2015-11-04,7.75043
2015-11-05,7.7508
2015-11-06,7.7502
2015-11-09,7.7518
2015-11-10,7.752
2015-11-11,7.74998
2015-11-12,7.7496
2015-11-13,7.7503
2015-11-16,7.7507
2015-11-17,7.7503
2015-11-18,7.7501
2015-11-19,7.7501
2015-11-20,7.7495
2015-11-23,7.7501
2015-11-24,7.75002
2015-11-25,7.7505
2015-11-26,7.75017
2015-11-27,7.7498
2015-11-30,7.75213
2015-12-01,7.7519
2015-12-02,7.7503
2015-12-03,7.75
2015-12-04,7.7498
2015-12-07,7.75034
2015-12-08,7.7503
2015-12-09,7.75006
2015-12-10,7.75
2015-12-11,7.7504
2015-12-14,7.7503
2015-12-15,7.7503
2015-12-16,7.75004
2015-12-17,7.7523
2015-12-18,7.7525
2015-12-21,7.7521
2015-12-22,7.752
2015-12-23,7.7505
2015-12-24,7.7512
2015-12-25,7.75124
2015-12-28,7.7503
2015-12-29,7.7501
2015-12-30,7.7506
2015-12-31,7.75
2016-01-01,7.75
2016-01-04,7.7511
2016-01-05,7.75093
2016-01-06,7.7524
2016-01-07,7.7554
2016-01-08,7.764
2016-01-11,7.7636
2016-01-12,7.76175
2016-01-13,7.76144
2016-01-14,7.7819
2016-01-15,7.7982
2016-01-18,7.7992
2016-01-19,7.8188
2016-01-20,7.8192
2016-01-21,7.817
2016-01-22,7.7933
2016-01-25,7.79427
2016-01-26,7.7951
2016-01-27,7.795
2016-01-28,7.7925
2016-01-29,7.7852
2016-02-01,7.778
2016-02-02,7.7976
2016-02-03,7.7939
2016-02-04,7.78883
2016-02-05,7.7905
2016-02-08,7.7912
2016-02-09,7.7964
2016-02-10,7.79312
2016-02-11,7.7907
2016-02-12,7.788
2016-02-15,7.7843
2016-02-16,7.7895
2016-02-17,7.7856
2016-02-18,7.7791
2016-02-19,7.7738
2016-02-22,7.7705
2016-02-23,7.7684
2016-02-24,7.76897
2016-02-25,7.7701
2016-02-26,7.7702
2016-02-29,7.77689
2016-03-01,7.77117
2016-03-02,7.774
2016-03-03,7.76809
2016-03-04,7.7648
2016-03-07,7.7675
2016-03-08,7.76619
2016-03-09,7.7647
2016-03-10,7.7635
2016-03-11,7.7608
2016-03-14,7.758
2016-03-15,7.7606
2016-03-16,7.7615
2016-03-17,7.7546
2016-03-18,7.754
2016-03-21,7.7527
2016-03-22,7.75281
2016-03-23,7.75383
2016-03-24,7.75792
2016-03-25,7.757
2016-03-28,7.75676
2016-03-29,7.75596
2016-03-30,7.75324
2016-03-31,7.7554
2016-04-01,7.7537
2016-04-04,7.7545
2016-04-05,7.75529
2016-04-06,7.7555
2016-04-07,7.75876
2016-04-08,7.7585
2016-04-11,7.7537
2016-04-12,7.7545
2016-04-13,7.75562
2016-04-14,7.75656
2016-04-15,7.7548
2016-04-18,7.75442
2016-04-19,7.75478
2016-04-20,7.75494
2016-04-21,7.7573
2016-04-22,7.7579
2016-04-25,7.7561
2016-04-26,7.7554
2016-04-27,7.7559
2016-04-28,7.7572
2016-04-29,7.758
2016-05-02,7.75896
2016-05-03,7.76195
2016-05-04,7.7621
2016-05-05,7.76
2016-05-06,7.7598
2016-05-09,7.762
2016-05-10,7.7618
2016-05-11,7.7606
2016-05-12,7.75993
2016-05-13,7.7629
2016-05-16,7.76331
2016-05-17,7.7626
2016-05-18,7.7645
2016-05-19,7.7671
2016-05-20,7.7665
2016-05-23,7.76676
2016-05-24,7.7679
2016-05-25,7.76576
2016-05-26,7.765
2016-05-27,7.7662
2016-05-30,7.7693
2016-05-31,7.7701
2016-06-01,7.76959
2016-06-02,7.76997
2016-06-03,7.768
2016-06-06,7.7678
2016-06-07,7.7656
2016-06-08,7.7602
2016-06-09,7.7609
2016-06-10,7.7613
2016-06-13,7.7634
2016-06-14,7.7611
2016-06-15,7.76
2016-06-16,7.7592
2016-06-17,7.7601
2016-06-20,7.76091
2016-06-21,7.75846
2016-06-22,7.7574
2016-06-23,7.7569
2016-06-24,7.7595
2016-06-27,7.7611
2016-06-28,7.7578
2016-06-29,7.7591
2016-06-30,7.75845
2016-07-01,7.7578
2016-07-04,7.75815
2016-07-05,7.7589
2016-07-06,7.7586
2016-07-07,7.7583
2016-07-08,7.758
2016-07-11,7.75754
2016-07-12,7.7584
2016-07-13,7.75597
2016-07-14,7.75408
2016-07-15,7.7534
2016-07-18,7.7545
2016-07-19,7.7554
2016-07-20,7.7557
2016-07-21,7.75597
2016-07-22,7.756
2016-07-25,7.7568
2016-07-26,7.75677
2016-07-27,7.75647
2016-07-28,7.75602
2016-07-29,7.7565
2016-08-01,7.7601
2016-08-02,7.761
2016-08-03,7.7587
2016-08-04,7.7563
2016-08-05,7.7547
2016-08-08,7.75637
2016-08-09,7.7565
2016-08-10,7.7558
2016-08-11,7.7563
2016-08-12,7.756
2016-08-15,7.7558
2016-08-16,7.7541
2016-08-17,7.75408
2016-08-18,7.7534
2016-08-19,7.753
2016-08-22,7.753
2016-08-23,7.7531
2016-08-24,7.7533
2016-08-25,7.7546
2016-08-26,7.7555
2016-08-29,7.7552
2016-08-30,7.7578
2016-08-31,7.7576
2016-09-01,7.75723
2016-09-02,7.756
2016-09-05,7.755
2016-09-06,7.7549
2016-09-07,7.7555
2016-09-08,7.7571
2016-09-09,7.7555
2016-09-12,7.7573
2016-09-13,7.7578
2016-09-14,7.7577
2016-09-15,7.7585
2016-09-16,7.7585
2016-09-19,7.7576
2016-09-20,7.7555
2016-09-21,7.7551
2016-09-22,7.75528
2016-09-23,7.756
2016-09-26,7.7554
2016-09-27,7.7551
2016-09-28,7.7537
2016-09-29,7.75565
2016-09-30,7.7532
2016-10-03,7.7551
2016-10-04,7.7559
2016-10-05,7.75654
2016-10-06,7.7572
2016-10-07,7.7575
2016-10-10,7.75837
2016-10-11,7.7584
2016-10-12,7.757
2016-10-13,7.7571
2016-10-14,7.7588
2016-10-17,7.75843
2016-10-18,7.75907
2016-10-19,7.7573
2016-10-20,7.7576
2016-10-21,7.7579
2016-10-24,7.75718
2016-10-25,7.7562
2016-10-26,7.757
2016-10-27,7.75469
2016-10-28,7.7534
2016-10-31,7.7548
2016-11-01,7.7547
2016-11-02,7.7548
2016-11-03,7.755
2016-11-04,7.7545
2016-11-07,7.75514
2016-11-08,7.7546
2016-11-09,7.75516
2016-11-10,7.75582
2016-11-11,7.7575
2016-11-14,7.7573
2016-11-15,7.7574
2016-11-16,7.7574
2016-11-17,7.7572
2016-11-18,7.7565
2016-11-21,7.7558
2016-11-22,7.75537
2016-11-23,7.75619
2016-11-24,7.75569
2016-11-25,7.7557
2016-11-28,7.75602
2016-11-29,7.7565
2016-11-30,7.75602
2016-12-01,7.7561
2016-12-02,7.7549
2016-12-05,7.75445
2016-12-06,7.7557
2016-12-07,7.756
2016-12-08,7.75526
2016-12-09,7.7623
2016-12-12,7.75756
2016-12-13,7.7559
2016-12-14,7.7572
2016-12-15,7.7601
2016-12-16,7.7649
2016-12-19,7.7664
2016-12-20,7.7658
2016-12-21,7.7621
2016-12-22,7.76185
2016-12-23,7.7585
2016-12-26,7.7601
2016-12-27,7.75874
2016-12-28,7.7578
2016-12-29,7.75488
2016-12-30,7.7529
2017-01-02,7.7566
2017-01-03,7.7563
2017-01-04,7.75526
2017-01-05,7.7542
2017-01-06,7.7542
2017-01-09,7.7562
2017-01-10,7.75434
2017-01-11,7.75442
2017-01-12,7.7538
2017-01-13,7.7532
2017-01-16,7.754
2017-01-17,7.7556
2017-01-18,7.7557
2017-01-19,7.7556
2017-01-20,7.7558
2017-01-23,7.7563
2017-01-24,7.75716
2017-01-25,7.7573
2017-01-26,7.7578
2017-01-27,7.7581
2017-01-30,7.75776
2017-01-31,7.7586
2017-02-01,7.7593
2017-02-02,7.75919
2017-02-03,7.7563
2017-02-06,7.7582
2017-02-07,7.7581
2017-02-08,7.75884
2017-02-09,7.7581
2017-02-10,7.7564
2017-02-13,7.7589
2017-02-14,7.7592
2017-02-15,7.75895
2017-02-16,7.758
2017-02-17,7.7603
2017-02-20,7.7608
2017-02-21,7.76061
2017-02-22,7.7605
2017-02-23,7.7594
2017-02-24,7.7603
2017-02-27,7.76083
2017-02-28,7.76187
2017-03-01,7.76275
2017-03-02,7.76212
2017-03-03,7.7627
2017-03-06,7.7641
2017-03-07,7.76393
2017-03-08,7.7662
2017-03-09,7.7647
2017-03-10,7.7628
2017-03-13,7.7647
2017-03-14,7.7669
2017-03-15,7.76568
2017-03-16,7.76287
2017-03-17,7.7599
2017-03-20,7.76502
2017-03-21,7.76525
2017-03-22,7.7645
2017-03-23,7.76709
2017-03-24,7.7658
2017-03-27,7.7671
2017-03-28,7.7669
2017-03-29,7.76891
2017-03-30,7.7704
2017-03-31,7.769
2017-04-03,7.77138
2017-04-04,7.77054
2017-04-05,7.76868
2017-04-06,7.76956
2017-04-07,7.7671
2017-04-10,7.7702
2017-04-11,7.7709
2017-04-12,7.77082
2017-04-13,7.7736
2017-04-14,7.7714
2017-04-17,7.7721
2017-04-18,7.7733
2017-04-19,7.7742
2017-04-20,7.77429
2017-04-21,7.7736
2017-04-24,7.7777
2017-04-25,7.7785
2017-04-26,7.77906
2017-04-27,7.781
2017-04-28,7.7778
2017-05-01,7.77828
2017-05-02,7.7812
2017-05-03,7.78103
2017-05-04,7.78229
2017-05-05,7.7821
2017-05-08,7.78418
2017-05-09,7.784
2017-05-10,7.78638
2017-05-11,7.7879
2017-05-12,7.7945
2017-05-15,7.78665
2017-05-16,7.78751
2017-05-17,7.7851
2017-05-18,7.78181
2017-05-19,7.7818
2017-05-22,7.7836
2017-05-23,7.78743
2017-05-24,7.78827
2017-05-25,7.7915
2017-05-26,7.7915
2017-05-29,7.7936
2017-05-30,7.7927
2017-05-31,7.7921
2017-06-01,7.79152
2017-06-02,7.7879
2017-06-05,7.7907
2017-06-06,7.7934
2017-06-07,7.79414
2017-06-08,7.7972
2017-06-09,7.7955
2017-06-12,7.7976
2017-06-13,7.79732
2017-06-14,7.79845
2017-06-15,7.80071
2017-06-16,7.7987
2017-06-19,7.79978
2017-06-20,7.80057
2017-06-21,7.8006
2017-06-22,7.79884
2017-06-23,7.8
2017-06-26,7.799
2017-06-27,7.7994
2017-06-28,7.804
2017-06-29,7.80538
2017-06-30,7.8056
2017-07-03,7.8123
2017-07-04,7.8068
2017-07-05,7.806
2017-07-06,7.81071
2017-07-07,7.8104
2017-07-10,7.81251
2017-07-11,7.812
2017-07-12,7.8096
2017-07-13,7.808
2017-07-14,7.8027
2017-07-17,7.80265
2017-07-18,7.80505
2017-07-19,7.80858
2017-07-20,7.8098
2017-07-21,7.8089
2017-07-24,7.80663
2017-07-25,7.8086
2017-07-26,7.80942
2017-07-27,7.8088
2017-07-28,7.8083
2017-07-31,7.81047
2017-08-01,7.8132
2017-08-02,7.815
2017-08-03,7.8173
2017-08-04,7.8177
2017-08-07,7.81968
2017-08-08,7.82337
2017-08-09,7.81619
2017-08-10,7.8176
2017-08-11,7.8181
2017-08-14,7.82109
2017-08-15,7.8233
2017-08-16,7.8214
2017-08-17,7.8236
2017-08-18,7.8219
2017-08-21,7.82339
2017-08-22,7.8263
2017-08-23,7.82498
2017-08-24,7.82302
2017-08-25,7.8175
2017-08-28,7.82378
2017-08-29,7.8242
2017-08-30,7.8252
2017-08-31,7.82534
2017-09-01,7.8223
2017-09-04,7.82474
2017-09-05,7.82579
2017-09-06,7.82518
2017-09-07,7.8132
2017-09-08,7.8114
2017-09-11,7.81103
2017-09-12,7.8107
2017-09-13,7.81166
2017-09-14,7.81278
2017-09-15,7.8176
2017-09-18,7.81629
2017-09-19,7.80554
2017-09-20,7.8013
2017-09-21,7.80439
2017-09-22,7.808
2017-09-25,7.813
2017-09-26,7.81183
2017-09-27,7.80928
2017-09-28,7.8105
2017-09-29,7.8099
2017-10-02,7.8122
2017-10-03,7.8113
2017-10-04,7.80691
2017-10-05,7.8088
2017-10-06,7.8045
2017-10-09,7.8062
2017-10-10,7.80373
2017-10-11,7.8065
2017-10-12,7.8065
2017-10-13,7.8057
2017-10-16,7.80716
2017-10-17,7.80807
2017-10-18,7.808
2017-10-19,7.79981
2017-10-20,7.8009
2017-10-23,7.79999
2017-10-24,7.8033
2017-10-25,7.80318
2017-10-26,7.80251
2017-10-27,7.8022
2017-10-30,7.7979
2017-10-31,7.7989
2017-11-01,7.8003
2017-11-02,7.8016
2017-11-03,7.8006
2017-11-06,7.8016
2017-11-07,7.80326
2017-11-08,7.79626
2017-11-09,7.79911
2017-11-10,7.7997
2017-11-13,7.80092
2017-11-14,7.8025
2017-11-15,7.80611
2017-11-16,7.80973
2017-11-17,7.8111
2017-11-20,7.8111
2017-11-21,7.81092
2017-11-22,7.81046
2017-11-23,7.81
2017-11-24,7.8069
2017-11-27,7.8005
2017-11-28,7.80286
2017-11-29,7.80793
2017-11-30,7.8095
2017-12-01,7.8113
2017-12-04,7.8171
2017-12-05,7.81543
2017-12-06,7.8118
2017-12-07,7.80712
2017-12-08,7.8038
2017-12-11,7.8066
2017-12-12,7.8066
2017-12-13,7.8032
2017-12-14,7.80784
2017-12-15,7.8097
2017-12-18,7.8138
2017-12-19,7.81579
2017-12-20,7.8224
2017-12-21,7.81817
2017-12-22,7.8164
2017-12-25,7.8141
2017-12-26,7.80982
2017-12-27,7.81009
2017-12-28,7.81578
2017-12-29,7.8114
2018-01-01,7.8126
2018-01-02,7.8152
2018-01-03,7.816
2018-01-04,7.81663
2018-01-05,7.8175
2018-01-08,7.82048
2018-01-09,7.8205
2018-01-10,7.82144
2018-01-11,7.82253
2018-01-12,7.8211
2018-01-15,7.8234
2018-01-16,7.822
2018-01-17,7.8178
2018-01-18,7.81739
2018-01-19,7.8152
2018-01-22,7.8183
2018-01-23,7.8184
2018-01-24,7.8182
2018-01-25,7.8173
2018-01-26,7.8159
2018-01-29,7.8162
2018-01-30,7.8195
2018-01-31,7.8227
2018-02-01,7.8183
2018-02-02,7.8201
2018-02-05,7.82015
2018-02-06,7.81784
2018-02-07,7.81778
2018-02-08,7.82016
2018-02-09,7.8167
2018-02-12,7.81909
2018-02-13,7.8213
2018-02-14,7.822
2018-02-15,7.82004
2018-02-16,7.8208
2018-02-19,7.82122
2018-02-20,7.8245
2018-02-21,7.8249
2018-02-22,7.82423
2018-02-23,7.8231
2018-02-26,7.8231
2018-02-27,7.82692
2018-02-28,7.82523
2018-03-01,7.8274
2018-03-02,7.8306
2018-03-05,7.83089
2018-03-06,7.83279
2018-03-07,7.83445
2018-03-08,7.83996
2018-03-09,7.8365
2018-03-12,7.8391
2018-03-13,7.83975
2018-03-14,7.8402
2018-03-15,7.84129
2018-03-16,7.8418
2018-03-19,7.84244
2018-03-20,7.8444
2018-03-21,7.84494
2018-03-22,7.848
2018-03-23,7.8446
2018-03-26,7.84562
2018-03-27,7.846
2018-03-28,7.8456
2018-03-29,7.84777
2018-03-30,7.8473
2018-04-02,7.8479
2018-04-03,7.84808
2018-04-04,7.84834
2018-04-05,7.8489
2018-04-06,7.8471
2018-04-09,7.8491
2018-04-10,7.84927
2018-04-11,7.84948
2018-04-12,7.8497
2018-04-13,7.8486
2018-04-16,7.8498
2018-04-17,7.8497
2018-04-18,7.84912
2018-04-19,7.84731
2018-04-20,7.8437
2018-04-23,7.842
2018-04-24,7.846
2018-04-25,7.8467
2018-04-26,7.8459
2018-04-27,7.846
2018-04-30,7.84806
2018-05-01,7.8492
2018-05-02,7.8494
2018-05-03,7.848
2018-05-04,7.8479
2018-05-07,7.8497
2018-05-08,7.84929
2018-05-09,7.8493
2018-05-10,7.8497
2018-05-11,7.8483
2018-05-14,7.8496
2018-05-15,7.8498
2018-05-16,7.84923
2018-05-17,7.84944
2018-05-18,7.8498
2018-05-21,7.84815
2018-05-22,7.8497
2018-05-23,7.8486
2018-05-24,7.8473
2018-05-25,7.8444
2018-05-28,7.8449
2018-05-29,7.8452
2018-05-30,7.8471
2018-05-31,7.84476
2018-06-01,7.8437
2018-06-04,7.8437
2018-06-05,7.8458
2018-06-06,7.8457
2018-06-07,7.8459
2018-06-08,7.8444
2018-06-11,7.8451
2018-06-12,7.8458
2018-06-13,7.84727
2018-06-14,7.8492
2018-06-15,7.8489
2018-06-18,7.8496
2018-06-19,7.8491
2018-06-20,7.846
2018-06-21,7.8458
2018-06-22,7.845
2018-06-25,7.8462
2018-06-26,7.8489
2018-06-27,7.8483
2018-06-28,7.848
2018-06-29,7.845
2018-07-02,7.8434
2018-07-03,7.8446
2018-07-04,7.8418
2018-07-05,7.84654
2018-07-06,7.8477
2018-07-09,7.8469
2018-07-10,7.8484
2018-07-11,7.84872
2018-07-12,7.8487
2018-07-13,7.847
2018-07-16,7.8471
2018-07-17,7.8486
2018-07-18,7.84918
2018-07-19,7.848
2018-07-20,7.8482
2018-07-23,7.8483
2018-07-24,7.8465
2018-07-25,7.8452
2018-07-26,7.8462
2018-07-27,7.8462
2018-07-30,7.8482
2018-07-31,7.8475
2018-08-01,7.84837
2018-08-02,7.848
2018-08-03,7.8475
2018-08-06,7.84912
2018-08-07,7.8494
2018-08-08,7.849
2018-08-09,7.84961
2018-08-10,7.8483
2018-08-13,7.84947
2018-08-14,7.8496
2018-08-15,7.8481
2018-08-16,7.8482
2018-08-17,7.8482
2018-08-20,7.84952
2018-08-21,7.8494
2018-08-22,7.84896
2018-08-23,7.84968
2018-08-24,7.8482
2018-08-27,7.8498
2018-08-28,7.8498
2018-08-29,7.8471
2018-08-30,7.8476
2018-08-31,7.8477
2018-09-03,7.84905
2018-09-04,7.84903
2018-09-05,7.8487
2018-09-06,7.8494
2018-09-07,7.849
2018-09-10,7.84931
2018-09-11,7.8478
2018-09-12,7.8472
2018-09-13,7.8479
2018-09-14,7.8445
2018-09-17,7.8445
2018-09-18,7.84313
2018-09-19,7.84481
2018-09-20,7.84224
2018-09-21,7.8079
2018-09-24,7.811
2018-09-25,7.8102
2018-09-26,7.81201
2018-09-27,7.8152
2018-09-28,7.8267
2018-10-01,7.8266
2018-10-02,7.8343
2018-10-03,7.8376
2018-10-04,7.8347
2018-10-05,7.8336
2018-10-08,7.8285
2018-10-09,7.8321
2018-10-10,7.8374
2018-10-11,7.8343
2018-10-12,7.8334
2018-10-15,7.8343
2018-10-16,7.8363
2018-10-17,7.83907
2018-10-18,7.838
2018-10-19,7.8399
2018-10-22,7.8388
2018-10-23,7.8385
2018-10-24,7.84042
2018-10-25,7.84057
2018-10-26,7.8393
2018-10-29,7.8433
2018-10-30,7.842
2018-10-31,7.8415
2018-11-01,7.8341
2018-11-02,7.8159
2018-11-05,7.8317
2018-11-06,7.83158
2018-11-07,7.8289
2018-11-08,7.82635
2018-11-09,7.8317
2018-11-12,7.83407
2018-11-13,7.8306
2018-11-14,7.83054
2018-11-15,7.8313
2018-11-16,7.8279
2018-11-19,7.83152
2018-11-20,7.8302
2018-11-21,7.8312
2018-11-22,7.83012
2018-11-23,7.8253
2018-11-26,7.82261
2018-11-27,7.8275
2018-11-28,7.8257
2018-11-29,7.8216
2018-11-30,7.8226
2018-12-03,7.8144
2018-12-04,7.8027
2018-12-05,7.8133
2018-12-06,7.8113
2018-12-07,7.8159
2018-12-10,7.8151
2018-12-11,7.81648
2018-12-12,7.8145
2018-12-13,7.8116
2018-12-14,7.8129
2018-12-17,7.8138
2018-12-18,7.819
2018-12-19,7.82615
2018-12-20,7.83007
2018-12-21,7.8325
2018-12-24,7.8317
2018-12-25,7.8308
2018-12-26,7.8267
2018-12-27,7.83
2018-12-28,7.8309
2018-12-31,7.83
2019-01-01,7.8306
2019-01-02,7.83271
2019-01-03,7.8313
2019-01-04,7.8331
2019-01-07,7.83412
2019-01-08,7.8388
2019-01-09,7.8371
2019-01-10,7.83853
2019-01-11,7.838
2019-01-14,7.8427
2019-01-15,7.84278
2019-01-16,7.84345
2019-01-17,7.84274
2019-01-18,7.842
2019-01-21,7.84476
2019-01-22,7.84535
2019-01-23,7.8443
2019-01-24,7.8462
2019-01-25,7.8442
2019-01-28,7.8445
2019-01-29,7.846
2019-01-30,7.8439
2019-01-31,7.8463
2019-02-01,7.8466
2019-02-04,7.8464
2019-02-05,7.8453
2019-02-06,7.8465
2019-02-07,7.84728
2019-02-08,7.8472
2019-02-11,7.84778
2019-02-12,7.84801
2019-02-13,7.848
2019-02-14,7.8474
2019-02-15,7.8465
2019-02-18,7.84742
2019-02-19,7.84834
2019-02-20,7.84887
2019-02-21,7.847
2019-02-22,7.8471
2019-02-25,7.8487
2019-02-26,7.849
2019-02-27,7.8479
2019-02-28,7.8498
2019-03-01,7.8474
2019-03-04,7.8492
2019-03-05,7.8497
2019-03-06,7.8492
2019-03-07,7.84968
2019-03-08,7.8496
2019-03-11,7.84974
2019-03-12,7.84961
2019-03-13,7.84916
2019-03-14,7.84964
2019-03-15,7.8499
2019-03-18,7.8484
2019-03-19,7.8498
2019-03-20,7.84906
2019-03-21,7.84766
2019-03-22,7.8472
2019-03-25,7.8471
2019-03-26,7.8488
2019-03-27,7.8491
2019-03-28,7.8498
2019-03-29,7.8495
2019-04-01,7.84965
2019-04-02,7.8495
2019-04-03,7.8492
2019-04-04,7.849
2019-04-05,7.8491
2019-04-08,7.8468
2019-04-09,7.8408
2019-04-10,7.8363
2019-04-11,7.8425
2019-04-12,7.8415
2019-04-15,7.8403
2019-04-16,7.8429
2019-04-17,7.8452
2019-04-18,7.8454
2019-04-19,7.8425
2019-04-22,7.843
2019-04-23,7.8425
2019-04-24,7.8424
2019-04-25,7.84314
2019-04-26,7.8418
2019-04-29,7.8433
2019-04-30,7.84407
2019-05-01,7.844
2019-05-02,7.8429
2019-05-03,7.8438
2019-05-06,7.8461
2019-05-07,7.8472
2019-05-08,7.847
2019-05-09,7.847
2019-05-10,7.8473
2019-05-13,7.8495
2019-05-14,7.8481
2019-05-15,7.8495
2019-05-16,7.84954
2019-05-17,7.8485
2019-05-20,7.84932
2019-05-21,7.8481
2019-05-22,7.8492
2019-05-23,7.84872
2019-05-24,7.8489
2019-05-27,7.8494
2019-05-28,7.8476
2019-05-29,7.84919
2019-05-30,7.84724
2019-05-31,7.8369
2019-06-03,7.8361
2019-06-04,7.8407
2019-06-05,7.8407
2019-06-06,7.83999
2019-06-07,7.8404
2019-06-10,7.8426
2019-06-11,7.83592
2019-06-12,7.8241
2019-06-13,7.82843
2019-06-14,7.8265
2019-06-17,7.8325
2019-06-18,7.8317
2019-06-19,7.824
2019-06-20,7.8129
2019-06-21,7.8127
2019-06-24,7.80845
2019-06-25,7.81056
2019-06-26,7.80986
2019-06-27,7.81516
2019-06-28,7.8114
2019-07-01,7.8128
2019-07-02,7.7992
2019-07-03,7.79674
2019-07-04,7.7866
2019-07-05,7.7945
2019-07-08,7.79934
2019-07-09,7.80759
2019-07-10,7.81799
2019-07-11,7.82294
2019-07-12,7.8231
2019-07-15,7.8252
2019-07-16,7.81718
2019-07-17,7.81385
2019-07-18,7.81494
2019-07-19,7.8075
2019-07-22,7.8092
2019-07-23,7.8099
2019-07-24,7.81366
2019-07-25,7.815
2019-07-26,7.8175
2019-07-29,7.82188
2019-07-30,7.8232
2019-07-31,7.82793
2019-08-01,7.8251
2019-08-02,7.8278
2019-08-05,7.8449
2019-08-06,7.8378
2019-08-07,7.83987
2019-08-08,7.8409
2019-08-09,7.8417
2019-08-12,7.84578
2019-08-13,7.846
2019-08-14,7.84529
2019-08-15,7.8419
2019-08-16,7.8433
2019-08-19,7.84408
2019-08-20,7.8421
2019-08-21,7.8444
2019-08-22,7.8395
2019-08-23,7.8418
2019-08-26,7.84515
2019-08-27,7.8457
2019-08-28,7.8431
2019-08-29,7.84561
2019-08-30,7.8423
2019-09-02,7.8416
2019-09-03,7.84404
2019-09-04,7.8394
2019-09-05,7.838
2019-09-06,7.8381
2019-09-09,7.8375
2019-09-10,7.83956
2019-09-11,7.8367
2019-09-12,7.8251
2019-09-13,7.819
2019-09-16,7.817
2019-09-17,7.8221
2019-09-18,7.82953
2019-09-19,7.831
2019-09-20,7.8357
2019-09-23,7.8374
2019-09-24,7.84125
2019-09-25,7.8389
2019-09-26,7.8376
2019-09-27,7.8399
2019-09-30,7.83725
2019-10-01,7.84225
2019-10-02,7.8436
2019-10-03,7.8417
2019-10-04,7.8394
2019-10-07,7.8425
2019-10-08,7.84421
2019-10-09,7.845
2019-10-10,7.8419
2019-10-11,7.8424
2019-10-14,7.84521
2019-10-15,7.84488
2019-10-16,7.8448
2019-10-17,7.84374
2019-10-18,7.8413
2019-10-21,7.8424
2019-10-22,7.8418
2019-10-23,7.84103
2019-10-24,7.8384
2019-10-25,7.8361
2019-10-28,7.8394
2019-10-29,7.8383
2019-10-30,7.84
2019-10-31,7.83695
2019-11-01,7.836
2019-11-04,7.8367
2019-11-05,7.8327
2019-11-06,7.82604
2019-11-07,7.82587
2019-11-08,7.8237
2019-11-11,7.8255
2019-11-12,7.8266
2019-11-13,7.8281
2019-11-14,7.8283
2019-11-15,7.8242
2019-11-18,7.8285
2019-11-19,7.8257
2019-11-20,7.8242
2019-11-21,7.82046
2019-11-22,7.8237
2019-11-25,7.82704
2019-11-26,7.8288
2019-11-27,7.82778
2019-11-28,7.82645
2019-11-29,7.8279
2019-12-02,7.82861
2019-12-03,7.8296
2019-12-04,7.82864
2019-12-05,7.82827
2019-12-06,7.8292
2019-12-09,7.8265
2019-12-10,7.82684
2019-12-11,7.809
2019-12-12,7.8035
2019-12-13,7.7992
2019-12-16,7.7903
2019-12-17,7.7875
2019-12-18,7.78742
2019-12-19,7.7935
2019-12-20,7.794
2019-12-23,7.7874
2019-12-24,7.786
2019-12-25,7.7892
2019-12-26,7.7868
2019-12-27,7.785
2019-12-30,7.78742
2019-12-31,7.79
2020-01-01,7.7912
2020-01-02,7.7892
2020-01-03,7.778
2020-01-06,7.77072
2020-01-07,7.77746
2020-01-08,7.77493
2020-01-09,7.7677
2020-01-10,7.7647
2020-01-13,7.7715
2020-01-14,7.775
2020-01-15,7.7711
2020-01-16,7.7729
2020-01-17,7.7666
2020-01-20,7.76957
2020-01-21,7.77078
2020-01-22,7.77022
2020-01-23,7.7722
2020-01-24,7.7708
2020-01-27,7.7766
2020-01-28,7.77499
2020-01-29,7.77264
2020-01-30,7.7662
2020-01-31,7.7636
2020-02-03,7.76568
2020-02-04,7.7639
2020-02-05,7.763
2020-02-06,7.7635
2020-02-07,7.7648
2020-02-10,7.76577
2020-02-11,7.7643
2020-02-12,7.7708
2020-02-13,7.7664
2020-02-14,7.7676
2020-02-17,7.76744
2020-02-18,7.76762
2020-02-19,7.77148
2020-02-20,7.7797
2020-02-21,7.78674
2020-02-24,7.7944
2020-02-25,7.79055
2020-02-26,7.7926
2020-02-27,7.7944
2020-02-28,7.7937
2020-03-02,7.77997
2020-03-03,7.7706
2020-03-04,7.77068
2020-03-05,7.77184
2020-03-06,7.7724
2020-03-09,7.7703
2020-03-10,7.76753
2020-03-11,7.76849
2020-03-12,7.7767
2020-03-13,7.7687
2020-03-16,7.76587
2020-03-17,7.7616
2020-03-18,7.7645
2020-03-19,7.75998
2020-03-20,7.7569
2020-03-23,7.75544
2020-03-24,7.75216
2020-03-25,7.75233
2020-03-26,7.75188
2020-03-27,7.7514
2020-03-30,7.75424
2020-03-31,7.75131
2020-04-01,7.75222
2020-04-02,7.75117
2020-04-03,7.7523
2020-04-06,7.75119
2020-04-07,7.7521
2020-04-08,7.75141
2020-04-09,7.75271
2020-04-10,7.7529
2020-04-13,7.75191
2020-04-14,7.7512
2020-04-15,7.75034
2020-04-16,7.75045
2020-04-17,7.7502
2020-04-20,7.75
2020-04-21,7.74988
2020-04-22,7.74989
2020-04-23,7.7502
2020-04-24,7.7501
2020-04-27,7.75035
2020-04-28,7.74994
2020-04-29,7.7502
2020-04-30,7.75129
2020-05-01,7.75176
2020-05-04,7.7531
2020-05-05,7.7522
2020-05-06,7.75226
2020-05-07,7.75052
2020-05-08,7.752
2020-05-11,7.75023
2020-05-12,7.75027
2020-05-13,7.75084
2020-05-14,7.75101
2020-05-15,7.7507
2020-05-18,7.75066
2020-05-19,7.75042
2020-05-20,7.7498
2020-05-21,7.75436
2020-05-22,7.7564
2020-05-25,7.7537
2020-05-26,7.75249
2020-05-27,7.75457
2020-05-28,7.7524
2020-05-29,7.7513
2020-06-01,7.75084
2020-06-02,7.75048
2020-06-03,7.74978
2020-06-04,7.74981
2020-06-05,7.7499
2020-06-08,7.74966
2020-06-09,7.74964
2020-06-10,7.74965
2020-06-11,7.7503
2020-06-12,7.7501
2020-06-15,7.74989
2020-06-16,7.7501
2020-06-17,7.74997
2020-06-18,7.75013
2020-06-19,7.7503
2020-06-22,7.75008
2020-06-23,7.74983
2020-06-24,7.75002
2020-06-25,7.75005
2020-06-26,7.7503
2020-06-29,7.75012
2020-06-30,7.75004
2020-07-01,7.75023
2020-07-02,7.75001
2020-07-03,7.7499
2020-07-06,7.74977
2020-07-07,7.74987
2020-07-08,7.74982
2020-07-09,7.74981
2020-07-10,7.75208
2020-07-13,7.75057
2020-07-14,7.75082
2020-07-15,7.75182
2020-07-16,7.75319
2020-07-17,7.7538
2020-07-20,7.75163
2020-07-21,7.75052
2020-07-22,7.75207
2020-07-23,7.75094
2020-07-24,7.7508
2020-07-27,7.75102
2020-07-28,7.7501
2020-07-29,7.74987
2020-07-30,7.74976
2020-07-31,7.7502
2020-08-03,7.75021
2020-08-04,7.74979
2020-08-05,7.74995
2020-08-06,7.7502
2020-08-07,7.7504
2020-08-10,7.75021
2020-08-11,7.74994
2020-08-12,7.75059
2020-08-13,7.75004
2020-08-14,7.7507
2020-08-17,7.74999
2020-08-18,7.7499
2020-08-19,7.74984
2020-08-20,7.74995
2020-08-21,7.7503
2020-08-24,7.74988
2020-08-25,7.7503
2020-08-26,7.75007
2020-08-27,7.7499
2020-08-28,7.7504
2020-08-31,7.75003
2020-09-01,7.74978
2020-09-02,7.75003
2020-09-03,7.75001
2020-09-04,7.7502
2020-09-07,7.75009
2020-09-08,7.75007
2020-09-09,7.75025
2020-09-10,7.7501
2020-09-11,7.74984
2020-09-14,7.74971
2020-09-15,7.74975
2020-09-16,7.74975
2020-09-17,7.74965
2020-09-18,7.75
2020-09-21,7.74975
2020-09-22,7.74978
2020-09-23,7.74967
2020-09-24,7.74985
2020-09-25,7.7498
2020-09-28,7.74969
2020-09-29,7.7499
2020-09-30,7.74974
2020-10-01,7.74987
2020-10-02,7.74992
2020-10-05,7.74975
2020-10-06,7.74962
2020-10-07,7.74956
2020-10-08,7.74966
2020-10-09,7.7499
2020-10-12,7.74991
2020-10-13,7.74969
2020-10-14,7.74966
2020-10-15,7.74982
2020-10-16,7.74981
2020-10-19,7.74973
2020-10-20,7.74969
2020-10-21,7.74965
2020-10-22,7.74975
2020-10-23,7.75
2020-10-26,7.74976
2020-10-27,7.74972
2020-10-28,7.74974
2020-10-29,7.75158
2020-10-30,7.75218
2020-11-02,7.74962
2020-11-03,7.75183
2020-11-04,7.7519
2020-11-05,7.75199
2020-11-06,7.754
2020-11-09,7.7523
2020-11-10,7.754
2020-11-11,7.75311
2020-11-12,7.75373
2020-11-13,7.75327
2020-11-16,7.7534
2020-11-17,7.7524
2020-11-18,7.75212
2020-11-19,7.75248
2020-11-20,7.75181
2020-11-23,7.75166
2020-11-24,7.75111
2020-11-25,7.75046
2020-11-26,7.7504
2020-11-27,7.75031
2020-11-30,7.75101
2020-12-01,7.75121
2020-12-02,7.75134
2020-12-03,7.75065
2020-12-04,7.75
2020-12-07,7.7504
2020-12-08,7.75048
2020-12-09,7.7516
2020-12-10,7.75099
2020-12-11,7.7505
2020-12-14,7.7514
2020-12-15,7.75142
2020-12-16,7.752
2020-12-17,7.75182
2020-12-18,7.75145
2020-12-21,7.7526
2020-12-22,7.75216
2020-12-23,7.75276
2020-12-24,7.75274
2020-12-25,7.7528
2020-12-28,7.7557
2020-12-29,7.75313
2020-12-30,7.75235
2020-12-31,7.7523
2021-01-01,7.7524
2021-01-04,7.75338
2021-01-05,7.75305
2021-01-06,7.75251
2021-01-07,7.75301
2021-01-08,7.7547
2021-01-11,7.75515
2021-01-12,7.75413
2021-01-13,7.753
2021-01-14,7.75305
2021-01-15,7.75347
2021-01-18,7.75308
2021-01-19,7.75185
2021-01-20,7.7517
2021-01-21,7.7512
2021-01-22,7.75143
2021-01-25,7.7514
2021-01-26,7.7517
2021-01-27,7.75174
2021-01-28,7.75243
2021-01-29,7.75251
2021-02-01,7.75251
2021-02-02,7.75128
2021-02-03,7.75096
2021-02-04,7.75266
2021-02-05,7.7523
2021-02-08,7.75171
2021-02-09,7.75159
2021-02-10,7.75151
2021-02-11,7.75252
2021-02-12,7.7524
2021-02-15,7.7525
2021-02-16,7.7521
2021-02-17,7.75229
2021-02-18,7.75236
2021-02-19,7.7528
2021-02-22,7.7534
2021-02-23,7.7534
2021-02-24,7.75433
2021-02-25,7.75371
2021-02-26,7.7561
2021-03-01,7.75578
2021-03-02,7.75632
2021-03-03,7.75605
2021-03-04,7.75881
2021-03-05,7.76335
2021-03-08,7.7685
2021-03-09,7.7603
2021-03-10,7.76095
2021-03-11,7.7585
2021-03-12,7.76217
2021-03-15,7.7647
2021-03-16,7.76451
2021-03-17,7.76502
2021-03-18,7.7645
2021-03-19,7.7647
2021-03-22,7.76536
2021-03-23,7.76648
2021-03-24,7.76743
2021-03-25,7.76827
2021-03-26,7.76805
2021-03-29,7.7726
2021-03-30,7.77435
2021-03-31,7.7739
2021-04-01,7.7755
2021-04-02,7.7759
2021-04-05,7.77576
2021-04-06,7.77627
2021-04-07,7.7849
2021-04-08,7.77679
2021-04-09,7.7779
2021-04-12,7.774
2021-04-13,7.7726
2021-04-14,7.7662
2021-04-15,7.76661
2021-04-16,7.7712
2021-04-19,7.76527
2021-04-20,7.76097
2021-04-21,7.76357
2021-04-22,7.75924
2021-04-23,7.75842
2021-04-26,7.76
2021-04-27,7.7611
2021-04-28,7.76217
2021-04-29,7.76287
2021-04-30,7.7674
2021-05-03,7.76645
2021-05-04,7.76741
2021-05-05,7.76904
2021-05-06,7.76759
2021-05-07,7.76489
2021-05-10,7.76475
2021-05-11,7.7683
2021-05-12,7.76543
2021-05-13,7.7675
2021-05-14,7.7676
2021-05-17,7.76611
2021-05-18,7.7652
2021-05-19,7.7644
2021-05-20,7.7625
2021-05-21,7.7641
2021-05-24,7.764
2021-05-25,7.7624
2021-05-26,7.762
2021-05-27,7.7604
2021-05-28,7.7615
2021-05-31,7.7607
2021-06-01,7.7591
2021-06-02,7.75838
2021-06-03,7.7582
2021-06-04,7.7563
2021-06-07,7.7592
2021-06-08,7.7597
2021-06-09,7.75945
2021-06-10,7.7599
2021-06-11,7.7608
2021-06-14,7.7615
2021-06-15,7.762
2021-06-16,7.7626
2021-06-17,7.7643
2021-06-18,7.7627
2021-06-21,7.76499
2021-06-22,7.7666
2021-06-23,7.76512
2021-06-24,7.7631
2021-06-25,7.7615
2021-06-28,7.7626
2021-06-29,7.76322
2021-06-30,7.7654
2021-07-01,7.7656
2021-07-02,7.7651
2021-07-05,7.7673
2021-07-06,7.7671
2021-07-07,7.7678
2021-07-08,7.76724
2021-07-09,7.7671
2021-07-12,7.7664
2021-07-13,7.766
2021-07-14,7.7666
2021-07-15,7.7677
2021-07-16,7.7678
2021-07-19,7.77058
2021-07-20,7.7727
2021-07-21,7.77239
2021-07-22,7.7707
2021-07-23,7.769
2021-07-26,7.77819
2021-07-27,7.78435
2021-07-28,7.77921
2021-07-29,7.7704
2021-07-30,7.772
2021-08-02,7.7734
2021-08-03,7.7772
2021-08-04,7.77505
2021-08-05,7.7763
2021-08-06,7.7795
2021-08-09,7.78331
2021-08-10,7.7813
2021-08-11,7.7789
2021-08-12,7.7808
2021-08-13,7.7828
2021-08-16,7.7837
2021-08-17,7.7918
2021-08-18,7.78792
2021-08-19,7.7899
2021-08-20,7.7909
2021-08-23,7.7923
2021-08-24,7.7878
2021-08-25,7.7843
2021-08-26,7.7878
2021-08-27,7.7876
2021-08-30,7.7863
2021-08-31,7.77699
2021-09-01,7.7772
2021-09-02,7.7713
2021-09-03,7.7705
2021-09-06,7.7731
2021-09-07,7.77453
2021-09-08,7.7759
2021-09-09,7.7773
2021-09-10,7.7776
2021-09-13,7.7797
2021-09-14,7.7786
2021-09-15,7.7818
2021-09-16,7.7832
2021-09-17,7.7818
2021-09-20,7.78659
2021-09-21,7.7863
2021-09-22,7.7861
2021-09-23,7.7849
2021-09-24,7.7854
2021-09-27,7.7837
2021-09-28,7.7827
2021-09-29,7.7851
2021-09-30,7.7856
2021-10-01,7.7844
2021-10-04,7.7865
2021-10-05,7.785
2021-10-06,7.7863
2021-10-07,7.7846
2021-10-08,7.7839
2021-10-11,7.7784
2021-10-12,7.7815
2021-10-13,7.7797
2021-10-14,7.7792
2021-10-15,7.7765
2021-10-18,7.7778
2021-10-19,7.7759
2021-10-20,7.7738
2021-10-21,7.7745
2021-10-22,7.7727
2021-10-25,7.77385
2021-10-26,7.7754
2021-10-27,7.7775
2021-10-28,7.7775
2021-10-29,7.7787
2021-11-01,7.7828
2021-11-02,7.782
2021-11-03,7.78306
2021-11-04,7.7828
2021-11-05,7.7823
2021-11-08,7.78796
2021-11-09,7.7904
2021-11-10,7.7912
2021-11-11,7.79142
2021-11-12,7.7904
2021-11-15,7.7885
2021-11-16,7.78643
2021-11-17,7.7877
2021-11-18,7.78856
2021-11-19,7.7906
2021-11-22,7.7897
2021-11-23,7.7942
2021-11-24,7.79803
2021-11-25,7.7964
2021-11-26,7.7978
2021-11-29,7.7996
2021-11-30,7.797
2021-12-01,7.7924
2021-12-02,7.7908
2021-12-03,7.7938
2021-12-06,7.79963
2021-12-07,7.7984
2021-12-08,7.7974
2021-12-09,7.7969
2021-12-10,7.7985
2021-12-13,7.8012
2021-12-14,7.8007
2021-12-15,7.8023
2021-12-16,7.8036
2021-12-17,7.8023
2021-12-20,7.801
2021-12-21,7.79992
2021-12-22,7.7995
2021-12-23,7.7983
2021-12-24,7.7987
2021-12-27,7.79811
2021-12-28,7.79779
2021-12-29,7.7964
2021-12-30,7.79873
2021-12-31,7.7958
2022-01-03,7.7972
2022-01-04,7.79324
2022-01-05,7.7963
2022-01-06,7.8005
2022-01-07,7.798
2022-01-10,7.79421
2022-01-11,7.7953
2022-01-12,7.79022
2022-01-13,7.78588
2022-01-14,7.7842
2022-01-17,7.79046
2022-01-18,7.79159
2022-01-19,7.7895
2022-01-20,7.78558
2022-01-21,7.7863
2022-01-24,7.78561
2022-01-25,7.78542
2022-01-26,7.7866
2022-01-27,7.78941
2022-01-28,7.7918
2022-01-31,7.7974
2022-02-01,7.7939
2022-02-02,7.79546
2022-02-03,7.7931
2022-02-04,7.7879
2022-02-07,7.79197
2022-02-08,7.7937
2022-02-09,7.7904
2022-02-10,7.7949
2022-02-11,7.7999
2022-02-14,7.8016
2022-02-15,7.80026
2022-02-16,7.80051
2022-02-17,7.7989
2022-02-18,7.7996
2022-02-21,7.80082
2022-02-22,7.8018
2022-02-23,7.80446
2022-02-24,7.80726
2022-02-25,7.8076
2022-02-28,7.81361
2022-03-01,7.81513
2022-03-02,7.8128
2022-03-03,7.81542
2022-03-04,7.8136
2022-03-07,7.8191
2022-03-08,7.8187
2022-03-09,7.81897
2022-03-10,7.8226
2022-03-11,7.8285
2022-03-14,7.8293
2022-03-15,7.8269
2022-03-16,7.8189
2022-03-17,7.81671
2022-03-18,7.8244
2022-03-21,7.8244
2022-03-22,7.8266
2022-03-23,7.8238
2022-03-24,7.8237
2022-03-25,7.8281
2022-03-28,7.8288
2022-03-29,7.8268
2022-03-30,7.8263
2022-03-31,7.832
2022-04-01,7.8334
2022-04-04,7.8344
2022-04-05,7.8339
2022-04-06,7.83703
2022-04-07,7.83748
2022-04-08,7.8387
2022-04-11,7.8375
2022-04-12,7.8365
2022-04-13,7.8387
2022-04-14,7.8426
2022-04-15,7.8436
2022-04-18,7.8409
2022-04-19,7.842
2022-04-20,7.84311
2022-04-21,7.8446
2022-04-22,7.846
2022-04-25,7.8474
2022-04-26,7.8456
2022-04-27,7.8461
2022-04-28,7.8464
2022-04-29,7.8466
2022-05-02,7.8478
2022-05-03,7.8473
2022-05-04,7.8486
2022-05-05,7.84909
2022-05-06,7.8494
2022-05-09,7.84956
2022-05-10,7.84954
2022-05-11,7.84989
2022-05-12,7.8499
2022-05-13,7.8498
2022-05-16,7.8499
2022-05-17,7.8491
2022-05-18,7.8488
2022-05-19,7.8475
2022-05-20,7.8474
2022-05-23,7.8487
2022-05-24,7.8492
2022-05-25,7.8498
2022-05-26,7.8493
2022-05-27,7.8489
2022-05-30,7.8484
2022-05-31,7.8465
2022-06-01,7.8477
2022-06-02,7.8444
2022-06-03,7.8449
2022-06-06,7.8446
2022-06-07,7.8463
2022-06-08,7.84816
2022-06-09,7.8489
2022-06-10,7.849
2022-06-13,7.84961
2022-06-14,7.84975
2022-06-15,7.84945
2022-06-16,7.8494
2022-06-17,7.8494
2022-06-20,7.8499
2022-06-21,7.85
2022-06-22,7.84968
2022-06-23,7.84886
2022-06-24,7.8489
2022-06-27,7.8472
2022-06-28,7.8478
2022-06-29,7.8463
2022-06-30,7.8462
2022-07-01,7.8465
2022-07-04,7.8451
2022-07-05,7.8469
2022-07-06,7.84655
2022-07-07,7.8475
2022-07-08,7.8487
2022-07-11,7.8495
2022-07-12,7.84973
2022-07-13,7.8495
2022-07-14,7.8499
2022-07-15,7.8498
2022-07-18,7.84945
2022-07-19,7.8499
2022-07-20,7.84944
2022-07-21,7.84831
2022-07-22,7.8484
2022-07-25,7.84907
2022-07-26,7.849
2022-07-27,7.84905
2022-07-28,7.8498
2022-07-29,7.8497
2022-08-01,7.84954
2022-08-02,7.8498
2022-08-03,7.8496
2022-08-04,7.8497
2022-08-05,7.8494
2022-08-08,7.8496
2022-08-09,7.8497
2022-08-10,7.84639
2022-08-11,7.84375
2022-08-12,7.8357
2022-08-15,7.8381
2022-08-16,7.8415
2022-08-17,7.8432
2022-08-18,7.8437
2022-08-19,7.8452
2022-08-22,7.8462
2022-08-23,7.8467
2022-08-24,7.8457
2022-08-25,7.8466
2022-08-26,7.8466
2022-08-29,7.84684
2022-08-30,7.8484
2022-08-31,7.84812
2022-09-01,7.8482
2022-09-02,7.8495
2022-09-05,7.8491
2022-09-06,7.8496
2022-09-07,7.8493
2022-09-08,7.8493
2022-09-09,7.8482
2022-09-12,7.84855
2022-09-13,7.849
2022-09-14,7.8486
2022-09-15,7.8486
2022-09-16,7.8491
2022-09-19,7.849
2022-09-20,7.8494
2022-09-21,7.8497
2022-09-22,7.8488
2022-09-23,7.8493
2022-09-26,7.84896
2022-09-27,7.84958
2022-09-28,7.849
2022-09-29,7.8497
2022-09-30,7.8498
2022-10-03,7.84972
2022-10-04,7.84908
2022-10-05,7.8497
2022-10-06,7.8498
2022-10-07,7.8494
2022-10-10,7.84959
2022-10-11,7.8498
2022-10-12,7.8497
2022-10-13,7.8497
2022-10-14,7.8494
2022-10-17,7.84971
2022-10-18,7.8494
2022-10-19,7.8496
2022-10-20,7.8483
2022-10-21,7.8493
2022-10-24,7.8498
2022-10-25,7.8495
2022-10-26,7.8494
2022-10-27,7.8492
2022-10-28,7.8491
2022-10-31,7.84917
2022-11-01,7.84938
2022-11-02,7.8495
2022-11-03,7.8498
2022-11-04,7.8493
2022-11-07,7.8498
2022-11-08,7.8497
2022-11-09,7.8493
2022-11-10,7.8445
2022-11-11,7.83517
2022-11-14,7.83575
2022-11-15,7.8188
2022-11-16,7.8237
2022-11-17,7.8259
2022-11-18,7.8214
2022-11-21,7.8031
2022-11-22,7.8168
2022-11-23,7.8181
2022-11-24,7.808
2022-11-25,7.813
2022-11-28,7.8138
2022-11-29,7.81013
2022-11-30,7.80926
2022-12-01,7.7795
2022-12-02,7.7889
2022-12-05,7.7672
2022-12-06,7.7755
2022-12-07,7.7915
2022-12-08,7.7859
2022-12-09,7.7854
2022-12-12,7.7763
2022-12-13,7.7737
2022-12-14,7.7728
2022-12-15,7.7767
2022-12-16,7.7835
2022-12-19,7.7813
2022-12-20,7.7873
2022-12-21,7.7969
2022-12-22,7.7946
2022-12-23,7.8039
2022-12-26,7.8058
2022-12-27,7.8004
2022-12-28,7.7948
2022-12-29,7.7961
2022-12-30,7.80877
2023-01-02,7.8031
2023-01-03,7.8125
2023-01-04,7.8158
2023-01-05,7.81389
2023-01-06,7.806
2023-01-09,7.8035
2023-01-10,7.8086
2023-01-11,7.8129
2023-01-12,7.8084
2023-01-13,7.809
2023-01-16,7.81051
2023-01-17,7.8162
2023-01-18,7.8244
2023-01-19,7.8297
2023-01-20,7.8287
2023-01-23,7.8309
2023-01-24,7.8299
2023-01-25,7.8303
2023-01-26,7.8284
2023-01-27,7.8286
2023-01-30,7.835
2023-01-31,7.8399
2023-02-01,7.8427
2023-02-02,7.8441
2023-02-03,7.84679
2023-02-06,7.8457
2023-02-07,7.8483
2023-02-08,7.8497
2023-02-09,7.8497
2023-02-10,7.8492
2023-02-13,7.84971
2023-02-14,7.8499
2023-02-15,7.8476
2023-02-16,7.8489
2023-02-17,7.8446
2023-02-20,7.8336
2023-02-21,7.8443
2023-02-22,7.8461
2023-02-23,7.8467
2023-02-24,7.8484
2023-02-27,7.8436
2023-02-28,7.8489
2023-03-01,7.8495
2023-03-02,7.84943
2023-03-03,7.8487
2023-03-06,7.8491
2023-03-07,7.8494
2023-03-08,7.8496
2023-03-09,7.8492
2023-03-10,7.8464
2023-03-13,7.8428
2023-03-14,7.84786
2023-03-15,7.84815
2023-03-16,7.84922
2023-03-17,7.8491
2023-03-20,7.8418
2023-03-21,7.8441
2023-03-22,7.8465
2023-03-23,7.8488
2023-03-24,7.8492
2023-03-27,7.8496
2023-03-28,7.8497
2023-03-29,7.8495
2023-03-30,7.8495
2023-03-31,7.8493
2023-04-03,7.8478
2023-04-04,7.84921
2023-04-05,7.8495
2023-04-06,7.8496
2023-04-07,7.849
2023-04-10,7.8498
2023-04-11,7.8496
2023-04-12,7.8487
2023-04-13,7.84911
2023-04-14,7.8486
2023-04-17,7.8488
2023-04-18,7.84915
2023-04-19,7.8486
2023-04-20,7.8492
2023-04-21,7.8473
2023-04-24,7.8487
2023-04-25,7.8494
2023-04-26,7.8492
2023-04-27,7.84919
2023-04-28,7.8493
2023-05-01,7.8497
2023-05-02,7.8496
2023-05-03,7.849
2023-05-04,7.8477
2023-05-05,7.8472
2023-05-08,7.8483
2023-05-09,7.8416
2023-05-10,7.8302
2023-05-11,7.83657
2023-05-12,7.8421
2023-05-15,7.8385
2023-05-16,7.838
2023-05-17,7.8313
2023-05-18,7.8264
2023-05-19,7.8152
2023-05-22,7.8281
2023-05-23,7.8369
2023-05-24,7.8296
2023-05-25,7.8348
2023-05-26,7.833
2023-05-29,7.82772
2023-05-30,7.8341
2023-05-31,7.82944
2023-06-01,7.8293
2023-06-02,7.8373
2023-06-05,7.83787
2023-06-06,7.8424
2023-06-07,7.8401
2023-06-08,7.8367
2023-06-09,7.8388
2023-06-12,7.8344
2023-06-13,7.8326
2023-06-14,7.8311
2023-06-15,7.82104
2023-06-16,7.81909
2023-06-19,7.81601
2023-06-20,7.82492
2023-06-21,7.8273
2023-06-22,7.8302
2023-06-23,7.8298
2023-06-26,7.82965
2023-06-27,7.833
2023-06-28,7.8322
2023-06-29,7.838
2023-06-30,7.83618
2023-07-03,7.83373
2023-07-04,7.8305
2023-07-05,7.8213
2023-07-06,7.8212
2023-07-07,7.8269
2023-07-10,7.82728
2023-07-11,7.8263
2023-07-12,7.8256
2023-07-13,7.82146
2023-07-14,7.8136
2023-07-17,7.8133
2023-07-18,7.8124
2023-07-19,7.8083
2023-07-20,7.8131
2023-07-21,7.8168
2023-07-24,7.8123
2023-07-25,7.8112
2023-07-26,7.8002
2023-07-27,7.8026
2023-07-28,7.7956
2023-07-31,7.7982
2023-08-01,7.79428
2023-08-02,7.80117
2023-08-03,7.8063
2023-08-04,7.8108
2023-08-07,7.80682
2023-08-08,7.8137
2023-08-09,7.8209
2023-08-10,7.81883
2023-08-11,7.8173
2023-08-14,7.81907
2023-08-15,7.82305
2023-08-16,7.831
2023-08-17,7.8294
2023-08-18,7.8327
2023-08-21,7.8382
2023-08-22,7.8374
2023-08-23,7.8404
2023-08-24,7.8404
2023-08-25,7.8435
2023-08-28,7.8457
2023-08-29,7.8464
2023-08-30,7.846
2023-08-31,7.84143
2023-09-01,7.8448
2023-09-04,7.8339
2023-09-05,7.84103
2023-09-06,7.8421
2023-09-07,7.8388
2023-09-08,7.8394
2023-09-11,7.832
2023-09-12,7.8266
2023-09-13,7.8258
2023-09-14,7.8282
2023-09-15,7.8255
2023-09-18,7.8178
2023-09-19,7.8194
2023-09-20,7.8222
2023-09-21,7.8201
2023-09-22,7.8197
2023-09-25,7.8155
2023-09-26,7.8202
2023-09-27,7.8202
2023-09-28,7.82876
2023-09-29,7.8307
2023-10-02,7.8318
2023-10-03,7.8319
2023-10-04,7.82853
2023-10-05,7.8299
2023-10-06,7.8313
2023-10-09,7.82846
2023-10-10,7.8184
2023-10-11,7.8194
2023-10-12,7.8229
2023-10-13,7.8242
2023-10-16,7.8168
2023-10-17,7.8236
2023-10-18,7.8289
2023-10-19,7.8236
2023-10-20,7.8238
2023-10-23,7.8242
2023-10-24,7.8229
2023-10-25,7.82107
2023-10-26,7.8203
2023-10-27,7.8212
2023-10-30,7.8201
2023-10-31,7.82389
2023-11-01,7.8232
2023-11-02,7.82474
2023-11-03,7.8241
2023-11-06,7.8199
2023-11-07,7.819
2023-11-08,7.8146
2023-11-09,7.8075
2023-11-10,7.8094
2023-11-13,7.8075
2023-11-14,7.804
2023-11-15,7.8065
2023-11-16,7.8013
2023-11-17,7.7947
2023-11-20,7.79314
2023-11-21,7.7956
2023-11-22,7.7963
2023-11-23,7.7984
2023-11-24,7.7906
2023-11-27,7.791
2023-11-28,7.7962
2023-11-29,7.8043
2023-11-30,7.8104
2023-12-01,7.8141
2023-12-04,7.8156
2023-12-05,7.819
2023-12-06,7.8109
2023-12-07,7.8112
2023-12-08,7.8082
2023-12-11,7.8047
2023-12-12,7.80909
2023-12-13,7.8104
2023-12-14,7.8072
2023-12-15,7.8025
2023-12-18,7.7958
2023-12-19,7.7981
2023-12-20,7.80741
2023-12-21,7.80929
2023-12-22,7.81278
2023-12-25,7.8118
2023-12-26,7.80798
2023-12-27,7.81106
2023-12-28,7.81402
2023-12-29,7.81079
2024-01-01,7.8096
2024-01-02,7.81543
2024-01-03,7.80677
2024-01-04,7.8079
2024-01-05,7.81149
2024-01-08,7.80665
2024-01-09,7.8156
2024-01-10,7.81925
2024-01-11,7.81827
2024-01-12,7.82068
2024-01-15,7.8233
2024-01-16,7.8258
2024-01-17,7.82103
2024-01-18,7.82087
2024-01-19,7.8176
2024-01-22,7.8174
2024-01-23,7.8219
2024-01-24,7.81777
2024-01-25,7.8178
2024-01-26,7.81453
2024-01-29,7.81356
2024-01-30,7.81772
2024-01-31,7.81788
2024-02-01,7.81983
2024-02-02,7.8199
2024-02-05,7.82153
2024-02-06,7.8223
2024-02-07,7.81883
2024-02-08,7.82112
2024-02-09,7.81945
2024-02-12,7.8169
2024-02-13,7.81887
2024-02-14,7.81814
2024-02-15,7.8191
2024-02-16,7.8221
2024-02-19,7.8206
2024-02-20,7.82067
2024-02-21,7.82075
2024-02-22,7.82208
2024-02-23,7.8238
2024-02-26,7.82386
2024-02-27,7.82401
2024-02-28,7.82776
2024-02-29,7.8288
2024-03-01,7.82787
2024-03-04,7.82458
2024-03-05,7.82355
2024-03-06,7.825
2024-03-07,7.82062
2024-03-08,7.8198
2024-03-11,7.82083
2024-03-12,7.82333
2024-03-13,7.82258
2024-03-14,7.82221
2024-03-15,7.8215
2024-03-18,7.81916
2024-03-19,7.8228
2024-03-20,7.82313
2024-03-21,7.8212
2024-03-22,7.8216
2024-03-25,7.82183
2024-03-26,7.8228
2024-03-27,7.82353
2024-03-28,7.82541
2024-03-29,7.8255
2024-04-01,7.8249
2024-04-02,7.8289
2024-04-03,7.8283
2024-04-04,7.8282
2024-04-05,7.8281
2024-04-08,7.8316
2024-04-09,7.8307
2024-04-10,7.8345
2024-04-11,7.8369
2024-04-12,7.8373
2024-04-15,7.82807
2024-04-16,7.8311
2024-04-17,7.8304
2024-04-18,7.8315
2024-04-19,7.8319
2024-04-22,7.8356
2024-04-23,7.8343
2024-04-24,7.831
2024-04-25,7.8279
2024-04-26,7.8281
2024-04-29,7.8245
2024-04-30,7.8239
2024-05-01,7.8225
2024-05-02,7.8137
2024-05-03,7.8103
2024-05-06,7.8169
2024-05-07,7.821
2024-05-08,7.8168
2024-05-09,7.8142
2024-05-10,7.813
2024-05-13,7.8116
2024-05-14,7.8116
2024-05-15,7.8088
2024-05-16,7.8003
2024-05-17,7.8021
2024-05-20,7.7979
2024-05-21,7.8031
2024-05-22,7.8072
2024-05-23,7.808
2024-05-24,7.8123
2024-05-27,7.8066
2024-05-28,7.8108
2024-05-29,7.8131
2024-05-30,7.8175
2024-05-31,7.8187
2024-06-03,7.8195
2024-06-04,7.8135
2024-06-05,7.8115
2024-06-06,7.8093
2024-06-07,7.8118
2024-06-10,7.812
2024-06-11,7.8121
2024-06-12,7.80862
2024-06-13,7.8107
2024-06-14,7.8104
2024-06-17,7.8101
2024-06-18,7.8071
2024-06-19,7.8061
2024-06-20,7.805
2024-06-21,7.8057
2024-06-24,7.8077
2024-06-25,7.8092
2024-06-26,7.8079
2024-06-27,7.8084
2024-06-28,7.808
2024-07-01,7.8119
2024-07-02,7.813
2024-07-03,7.8102
2024-07-04,7.8088
2024-07-05,7.8129
2024-07-08,7.8097
2024-07-09,7.8118
2024-07-10,7.8106
2024-07-11,7.8067
2024-07-12,7.8073
2024-07-15,7.8063
2024-07-16,7.807
2024-07-17,7.8074
2024-07-18,7.8096
2024-07-19,7.8101
2024-07-22,7.807
2024-07-23,7.808
2024-07-24,7.8084
2024-07-25,7.8067
2024-07-26,7.8064
2024-07-29,7.8103
2024-07-30,7.812
2024-07-31,7.8121
2024-08-01,7.8144
2024-08-02,7.806
2024-08-05,7.7883
2024-08-06,7.7946
2024-08-07,7.7972
2024-08-08,7.7935
2024-08-09,7.7975
2024-08-12,7.791
2024-08-13,7.7867
2024-08-14,7.7921
2024-08-15,7.7959
2024-08-16,7.7943
2024-08-19,7.7885
2024-08-20,7.7875
2024-08-21,7.7932
2024-08-22,7.7972
2024-08-23,7.7952
2024-08-26,7.7964
2024-08-27,7.801
2024-08-28,7.8007
2024-08-29,7.7975
2024-08-30,7.7973
2024-09-02,7.7965
2024-09-03,7.7986
2024-09-04,7.7965
2024-09-05,7.7939
2024-09-06,7.7951
2024-09-09,7.79632
2024-09-10,7.797
2024-09-11,7.7983
2024-09-12,7.802
2024-09-13,7.7987
2024-09-16,7.7929
2024-09-17,7.7944
2024-09-18,7.7924
2024-09-19,7.7936
2024-09-20,7.7898
2024-09-23,7.7864
2024-09-24,7.7834
2024-09-25,7.7845
2024-09-26,7.7781
2024-09-27,7.7721
2024-09-30,7.7725
2024-10-01,7.7721
2024-10-02,7.7626
2024-10-03,7.7638
2024-10-04,7.7662
2024-10-07,7.7662
2024-10-08,7.77489
2024-10-09,7.7705
2024-10-10,7.7701
2024-10-11,7.77
2024-10-14,7.7628
2024-10-15,7.7671
2024-10-16,7.7704
2024-10-17,7.773
2024-10-18,7.7698
2024-10-21,7.7733
2024-10-22,7.7718
2024-10-23,7.7686
2024-10-24,7.7701
2024-10-25,7.7701
2024-10-28,7.7712
2024-10-29,7.77041
2024-10-30,7.7717
2024-10-31,7.77328
2024-11-01,7.7769
2024-11-04,7.7719
2024-11-05,7.7725
2024-11-06,7.7759
2024-11-07,7.7719
