Date,USDCNY
2014-11-06,6.102
2014-11-09,6.1128
2014-11-10,6.1095
2014-11-11,6.1145
2014-11-12,6.1162
2014-11-13,6.1148
2014-11-16,6.1195
2014-11-17,6.1143
2014-11-18,6.1113
2014-11-19,6.1095
2014-11-20,6.1135
2014-11-23,6.1149
2014-11-24,6.1317
2014-11-25,6.1265
2014-11-26,6.1291
2014-11-27,6.1291
2014-11-30,6.1332
2014-12-01,6.142
2014-12-02,6.1395
2014-12-03,6.1402
2014-12-04,6.1446
2014-12-07,6.1402
2014-12-08,6.163
2014-12-09,6.1778
2014-12-10,6.1666
2014-12-11,6.1786
2014-12-14,6.1769
2014-12-15,6.1805
2014-12-16,6.1795
2014-12-17,6.187
2014-12-18,6.2045
2014-12-21,6.2099
2014-12-22,6.2116
2014-12-23,6.2159
2014-12-24,6.2053
2014-12-25,6.2053
2014-12-28,6.2053
2014-12-29,6.2125
2014-12-30,6.192
2014-12-31,6.1961
2015-01-01,6.1961
2015-01-04,6.1961
2015-01-05,6.2084
2015-01-06,6.202
2015-01-07,6.204
2015-01-08,6.2035
2015-01-11,6.2003
2015-01-12,6.1934
2015-01-13,6.1876
2015-01-14,6.184
2015-01-15,6.1775
2015-01-18,6.197
2015-01-19,6.208
2015-01-20,6.2049
2015-01-21,6.2017
2015-01-22,6.199
2015-01-25,6.2179
2015-01-26,6.2458
2015-01-27,6.2351
2015-01-28,6.2365
2015-01-29,6.2366
2015-02-01,6.241
2015-02-02,6.2495
2015-02-03,6.2457
2015-02-04,6.2377
2015-02-05,6.2421
2015-02-08,6.2334
2015-02-09,6.2388
2015-02-10,6.2318
2015-02-11,6.2323
2015-02-12,6.2345
2015-02-15,6.2303
2015-02-16,6.2386
2015-02-17,6.2441
2015-02-18,6.2441
2015-02-19,6.2441
2015-02-22,6.2441
2015-02-23,6.2451
2015-02-24,6.2451
2015-02-25,6.2495
2015-02-26,6.2495
2015-03-01,6.2586
2015-03-02,6.2637
2015-03-03,6.2637
2015-03-04,6.2606
2015-03-05,6.2574
2015-03-08,6.2538
2015-03-09,6.255
2015-03-10,6.252
2015-03-11,6.252
2015-03-12,6.252
2015-03-15,6.2487
2015-03-16,6.2518
2015-03-17,6.2395
2015-03-18,6.2187
2015-03-19,6.186
2015-03-22,6.196
2015-03-23,6.205
2015-03-24,6.1953
2015-03-25,6.201
2015-03-26,6.2014
2015-03-29,6.2052
2015-03-30,6.1965
2015-03-31,6.1875
2015-04-01,6.1871
2015-04-02,6.187
2015-04-05,6.187
2015-04-06,6.187
2015-04-07,6.1882
2015-04-08,6.1914
2015-04-09,6.1947
2015-04-12,6.1991
2015-04-13,6.2047
2015-04-14,6.2021
2015-04-15,6.1937
2015-04-16,6.1869
2015-04-19,6.1866
2015-04-20,6.1919
2015-04-21,6.1919
2015-04-22,6.1857
2015-04-23,6.1887
2015-04-26,6.1848
2015-04-27,6.209
2015-04-28,6.1965
2015-04-29,6.1902
2015-04-30,6.191
2015-05-03,6.191
2015-05-04,6.1984
2015-05-05,6.1952
2015-05-06,6.189
2015-05-07,6.198
2015-05-10,6.198
2015-05-11,6.1992
2015-05-12,6.1989
2015-05-13,6.1946
2015-05-14,6.1916
2015-05-17,6.1961
2015-05-18,6.1943
2015-05-19,6.1967
2015-05-20,6.1937
2015-05-21,6.1868
2015-05-24,6.1874
2015-05-25,6.192
2015-05-26,6.1939
2015-05-27,6.1913
2015-05-28,6.1912
2015-05-31,6.1883
2015-06-01,6.1895
2015-06-02,6.1882
2015-06-03,6.1878
2015-06-04,6.1911
2015-06-07,6.1934
2015-06-08,6.1956
2015-06-09,6.1957
2015-06-10,6.1958
2015-06-11,6.1966
2015-06-14,6.1983
2015-06-15,6.199
2015-06-16,6.1986
2015-06-17,6.1996
2015-06-18,6.1979
2015-06-21,6.1995
2015-06-22,6.1995
2015-06-23,6.1968
2015-06-24,6.1971
2015-06-25,6.1994
2015-06-28,6.199
2015-06-29,6.1988
2015-06-30,6.191
2015-07-01,6.1915
2015-07-02,6.1947
2015-07-05,6.1957
2015-07-06,6.1992
2015-07-07,6.2
2015-07-08,6.199
2015-07-09,6.1988
2015-07-12,6.1993
2015-07-13,6.1984
2015-07-14,6.1989
2015-07-15,6.1992
2015-07-16,6.1995
2015-07-19,6.1995
2015-07-20,6.1998
2015-07-21,6.1996
2015-07-22,6.1994
2015-07-23,6.1995
2015-07-26,6.1996
2015-07-27,6.1995
2015-07-28,6.1994
2015-07-29,6.199
2015-07-30,6.1997
2015-08-02,6.1998
2015-08-03,6.1997
2015-08-04,6.1996
2015-08-05,6.1997
2015-08-06,6.1997
2015-08-09,6.1997
2015-08-10,6.1997
2015-08-11,6.3149
2015-08-12,6.377
2015-08-13,6.3889
2015-08-16,6.3818
2015-08-17,6.3847
2015-08-18,6.3838
2015-08-19,6.3858
2015-08-20,6.379
2015-08-23,6.3789
2015-08-24,6.3944
2015-08-25,6.4029
2015-08-26,6.401
2015-08-27,6.3953
2015-08-30,6.3785
2015-08-31,6.3664
2015-09-01,6.3545
2015-09-02,6.3459
2015-09-03,6.3459
2015-09-06,6.3459
2015-09-07,6.3559
2015-09-08,6.3572
2015-09-09,6.3678
2015-09-10,6.3672
2015-09-13,6.365
2015-09-14,6.3579
2015-09-15,6.36
2015-09-16,6.3609
2015-09-17,6.356
2015-09-20,6.3543
2015-09-21,6.3591
2015-09-22,6.366
2015-09-23,6.3737
2015-09-24,6.3733
2015-09-27,6.3641
2015-09-28,6.3588
2015-09-29,6.3536
2015-09-30,6.3471
2015-10-01,6.3461
2015-10-04,6.3461
2015-10-05,6.3461
2015-10-06,6.3461
2015-10-07,6.3461
2015-10-08,6.3435
2015-10-11,6.3353
2015-10-12,6.313
2015-10-13,6.3323
2015-10-14,6.3377
2015-10-15,6.3362
2015-10-18,6.3426
2015-10-19,6.3501
2015-10-20,6.3384
2015-10-21,6.3393
2015-10-22,6.348
2015-10-25,6.3391
2015-10-26,6.3432
2015-10-27,6.3432
2015-10-28,6.3493
2015-10-29,6.3467
2015-11-01,6.3081
2015-11-02,6.3274
2015-11-03,6.3261
2015-11-04,6.3259
2015-11-05,6.3362
2015-11-08,6.3431
2015-11-09,6.3522
2015-11-10,6.3518
2015-11-11,6.3575
2015-11-12,6.3593
2015-11-15,6.3638
2015-11-16,6.3612
2015-11-17,6.3686
2015-11-18,6.3749
2015-11-19,6.373
2015-11-22,6.375
2015-11-23,6.3793
2015-11-24,6.3798
2015-11-25,6.3792
2015-11-26,6.3796
2015-11-29,6.385
2015-11-30,6.3882
2015-12-01,6.3888
2015-12-02,6.3888
2015-12-03,6.3875
2015-12-06,6.3911
2015-12-07,6.3982
2015-12-08,6.4072
2015-12-09,6.418
2015-12-10,6.4278
2015-12-13,6.4453
2015-12-14,6.449
2015-12-15,6.451
2015-12-16,6.4633
2015-12-17,6.4737
2015-12-20,6.4715
2015-12-21,6.4708
2015-12-22,6.4688
2015-12-23,6.4678
2015-12-24,6.4673
2015-12-27,6.4673
2015-12-28,6.4787
2015-12-29,6.4748
2015-12-30,6.4812
2015-12-31,6.4837
2016-01-03,6.4837
2016-01-04,6.5254
2016-01-05,6.5125
2016-01-06,6.5467
2016-01-07,6.5829
2016-01-10,6.5865
2016-01-11,6.5595
2016-01-12,6.5625
2016-01-13,6.5654
2016-01-14,6.5802
2016-01-17,6.5749
2016-01-18,6.5689
2016-01-19,6.5686
2016-01-20,6.5684
2016-01-21,6.57
2016-01-24,6.5691
2016-01-25,6.5694
2016-01-26,6.5725
2016-01-27,6.5678
2016-01-28,6.5652
2016-01-31,6.5661
2016-02-01,6.5684
2016-02-02,6.5698
2016-02-03,6.567
2016-02-04,6.5548
2016-02-07,6.5639
2016-02-08,6.5639
2016-02-09,6.5639
2016-02-10,6.5639
2016-02-11,6.5639
2016-02-14,6.5639
2016-02-15,6.4862
2016-02-16,6.5069
2016-02-17,6.5183
2016-02-18,6.5088
2016-02-21,6.5124
2016-02-22,6.5118
2016-02-23,6.5171
2016-02-24,6.5217
2016-02-25,6.5235
2016-02-28,6.5304
2016-02-29,6.544
2016-03-01,6.5421
2016-03-02,6.541
2016-03-03,6.5215
2016-03-06,6.4981
2016-03-07,6.5068
2016-03-08,6.4947
2016-03-09,6.503
2016-03-10,6.4986
2016-03-13,6.4853
2016-03-14,6.49
2016-03-15,6.5045
2016-03-16,6.512
2016-03-17,6.465
2016-03-20,6.4616
2016-03-21,6.4746
2016-03-22,6.4801
2016-03-23,6.4963
2016-03-24,6.5047
2016-03-27,6.5265
2016-03-28,6.501
2016-03-29,6.5049
2016-03-30,6.4551
2016-03-31,6.439
2016-04-03,6.4686
2016-04-04,6.4686
2016-04-05,6.4673
2016-04-06,6.4709
2016-04-07,6.453
2016-04-10,6.4558
2016-04-11,6.4495
2016-04-12,6.4556
2016-04-13,6.4684
2016-04-14,6.4726
2016-04-17,6.4656
2016-04-18,6.4652
2016-04-19,6.4481
2016-04-20,6.4608
2016-04-21,6.4719
2016-04-24,6.491
2016-04-25,6.483
2016-04-26,6.4835
2016-04-27,6.485
2016-04-28,6.4659
2016-05-01,6.4641
2016-05-02,6.4641
2016-05-03,6.4818
2016-05-04,6.4848
2016-05-05,6.4935
2016-05-08,6.4902
2016-05-09,6.5069
2016-05-10,6.5083
2016-05-11,6.482
2016-05-12,6.5068
2016-05-15,6.522
2016-05-16,6.5213
2016-05-17,6.5186
2016-05-18,6.5288
2016-05-19,6.537
2016-05-22,6.5367
2016-05-23,6.5457
2016-05-24,6.5472
2016-05-25,6.5441
2016-05-26,6.547
2016-05-29,6.5533
2016-05-30,6.5733
2016-05-31,6.5729
2016-06-01,6.5651
2016-06-02,6.5745
2016-06-05,6.5548
2016-06-06,6.5538
2016-06-07,6.5615
2016-06-08,6.5525
2016-06-09,6.552
2016-06-12,6.552
2016-06-13,6.5757
2016-06-14,6.5865
2016-06-15,6.5718
2016-06-16,6.582
2016-06-19,6.5784
2016-06-20,6.5671
2016-06-21,6.5803
2016-06-22,6.5675
2016-06-23,6.5673
2016-06-26,6.6118
2016-06-27,6.6416
2016-06-28,6.6381
2016-06-29,6.6268
2016-06-30,6.6381
2016-07-03,6.6457
2016-07-04,6.6553
2016-07-05,6.6697
2016-07-06,6.683
2016-07-07,6.6711
2016-07-10,6.6781
2016-07-11,6.6839
2016-07-12,6.6786
2016-07-13,6.6763
2016-07-14,6.6736
2016-07-17,6.6761
2016-07-18,6.7046
2016-07-19,6.6954
2016-07-20,6.6766
2016-07-21,6.6744
2016-07-24,6.6939
2016-07-25,6.6793
2016-07-26,6.6697
2016-07-27,6.6668
2016-07-28,6.6561
2016-07-31,6.6423
2016-08-01,6.6415
2016-08-02,6.6287
2016-08-03,6.6308
2016-08-04,6.6387
2016-08-07,6.6737
2016-08-08,6.6604
2016-08-09,6.6552
2016-08-10,6.6392
2016-08-11,6.626
2016-08-14,6.6449
2016-08-15,6.6354
2016-08-16,6.6248
2016-08-17,6.634
2016-08-18,6.612
2016-08-21,6.6344
2016-08-22,6.6475
2016-08-23,6.6408
2016-08-24,6.6584
2016-08-25,6.6594
2016-08-28,6.6789
2016-08-29,6.6752
2016-08-30,6.6804
2016-08-31,6.6776
2016-09-01,6.6682
2016-09-04,6.6798
2016-09-05,6.6759
2016-09-06,6.6743
2016-09-07,6.6626
2016-09-08,6.6628
2016-09-11,6.6799
2016-09-12,6.6787
2016-09-13,6.6764
2016-09-14,6.6732
2016-09-15,6.6712
2016-09-18,6.6707
2016-09-19,6.6662
2016-09-20,6.6695
2016-09-21,6.6736
2016-09-22,6.6638
2016-09-25,6.6572
2016-09-26,6.6677
2016-09-27,6.6698
2016-09-28,6.6752
2016-09-29,6.6687
2016-10-02,6.6381
2016-10-03,6.6732
2016-10-04,6.6708
2016-10-05,6.673
2016-10-06,6.6737
2016-10-09,6.6769
2016-10-10,6.7077
2016-10-11,6.7235
2016-10-12,6.7188
2016-10-13,6.7293
2016-10-16,6.731
2016-10-17,6.7315
2016-10-18,6.743
2016-10-19,6.7354
2016-10-20,6.743
2016-10-23,6.7663
2016-10-24,6.7762
2016-10-25,6.7806
2016-10-26,6.7697
2016-10-27,6.7848
2016-10-30,6.7834
2016-10-31,6.7746
2016-11-01,6.7663
2016-11-02,6.7471
2016-11-03,6.7662
2016-11-06,6.7555
2016-11-07,6.7741
2016-11-08,6.7848
2016-11-09,6.7787
2016-11-10,6.8017
2016-11-13,6.8051
2016-11-14,6.8457
2016-11-15,6.8581
2016-11-16,6.7892
2016-11-17,6.8766
2016-11-20,6.8925
2016-11-21,6.8889
2016-11-22,6.8893
2016-11-23,6.9102
2016-11-24,6.9182
2016-11-27,6.9217
2016-11-28,6.9063
2016-11-29,6.8973
2016-11-30,6.8908
2016-12-01,6.8765
2016-12-04,6.8855
2016-12-05,6.871
2016-12-06,6.872
2016-12-07,6.8705
2016-12-08,6.8699
2016-12-11,6.9067
2016-12-12,6.8969
2016-12-13,6.8917
2016-12-14,6.9038
2016-12-15,6.9343
2016-12-18,6.9583
2016-12-19,6.953
2016-12-20,6.9498
2016-12-21,6.9414
2016-12-22,6.9404
2016-12-25,6.9453
2016-12-26,6.9447
2016-12-27,6.9425
2016-12-28,6.9581
2016-12-29,6.9453
2017-01-01,6.9438
2017-01-02,6.944
2017-01-03,6.9598
2017-01-04,6.9251
2017-01-05,6.8879
2017-01-08,6.9175
2017-01-09,6.9367
2017-01-10,6.9212
2017-01-11,6.9361
2017-01-12,6.8949
2017-01-15,6.8988
2017-01-16,6.891
2017-01-17,6.8446
2017-01-18,6.838
2017-01-19,6.8613
2017-01-22,6.8755
2017-01-23,6.844
2017-01-24,6.849
2017-01-25,6.8736
2017-01-26,6.8784
2017-01-29,6.883
2017-01-30,6.8807
2017-01-31,6.8787
2017-02-01,6.8809
2017-02-02,6.88
2017-02-05,6.8722
2017-02-06,6.8636
2017-02-07,6.8845
2017-02-08,6.8725
2017-02-09,6.8686
2017-02-12,6.8952
2017-02-13,6.8795
2017-02-14,6.8668
2017-02-15,6.8684
2017-02-16,6.8526
2017-02-19,6.8557
2017-02-20,6.8781
2017-02-21,6.8826
2017-02-22,6.8737
2017-02-23,6.8655
2017-02-26,6.9007
2017-02-27,6.8701
2017-02-28,6.8664
2017-03-01,6.8822
2017-03-02,6.8876
2017-03-05,6.8962
2017-03-06,6.8967
2017-03-07,6.9023
2017-03-08,6.9119
2017-03-09,6.9102
2017-03-12,6.8566
2017-03-13,6.913
2017-03-14,6.9145
2017-03-15,6.9136
2017-03-16,6.8967
2017-03-19,6.9041
2017-03-20,6.906
2017-03-21,6.8849
2017-03-22,6.883
2017-03-23,6.8858
2017-03-26,6.8535
2017-03-27,6.8721
2017-03-28,6.8783
2017-03-29,6.8877
2017-03-30,6.889
2017-04-02,6.8802
2017-04-03,6.8839
2017-04-04,6.8852
2017-04-05,6.8939
2017-04-06,6.8978
2017-04-09,6.9057
2017-04-10,6.9033
2017-04-11,6.8908
2017-04-12,6.8909
2017-04-13,6.8865
2017-04-16,6.891
2017-04-17,6.8686
2017-04-18,6.8819
2017-04-19,6.886
2017-04-20,6.8817
2017-04-23,6.7921
2017-04-24,6.8825
2017-04-25,6.8817
2017-04-26,6.8921
2017-04-27,6.8969
2017-04-30,6.9121
2017-05-01,6.893
2017-05-02,6.8935
2017-05-03,6.8967
2017-05-04,6.8954
2017-05-07,6.8847
2017-05-08,6.9045
2017-05-09,6.9071
2017-05-10,6.903
2017-05-11,6.9037
2017-05-14,6.9021
2017-05-15,6.894
2017-05-16,6.8886
2017-05-17,6.8813
2017-05-18,6.8891
2017-05-21,6.8539
2017-05-22,6.8844
2017-05-23,6.8912
2017-05-24,6.89
2017-05-25,6.8677
2017-05-28,6.857
2017-05-29,6.8562
2017-05-30,6.8558
2017-05-31,6.8112
2017-06-01,6.8086
2017-06-04,6.8128
2017-06-05,6.8028
2017-06-06,6.7957
2017-06-07,6.7975
2017-06-08,6.7992
2017-06-11,6.7848
2017-06-12,6.7976
2017-06-13,6.7988
2017-06-14,6.791
2017-06-15,6.8085
2017-06-18,6.8034
2017-06-19,6.8197
2017-06-20,6.8264
2017-06-21,6.8283
2017-06-22,6.8346
2017-06-25,6.8342
2017-06-26,6.8398
2017-06-27,6.8126
2017-06-28,6.8
2017-06-29,6.7857
2017-07-02,6.7781
2017-07-03,6.7998
2017-07-04,6.7987
2017-07-05,6.8008
2017-07-06,6.7999
2017-07-09,6.8029
2017-07-11,6.8017
2017-07-12,6.788
2017-07-13,6.7826
2017-07-16,6.7405
2017-07-17,6.7695
2017-07-18,6.7454
2017-07-19,6.7513
2017-07-20,6.7589
2017-07-23,6.7197
2017-07-24,6.7501
2017-07-25,6.7498
2017-07-26,6.754
2017-07-27,6.74
2017-07-30,6.7389
2017-07-31,6.7255
2017-08-01,6.7137
2017-08-02,6.7217
2017-08-03,6.7156
2017-08-06,6.7657
2017-08-07,6.7215
2017-08-08,6.7098
2017-08-09,6.6718
2017-08-10,6.6458
2017-08-13,6.662
2017-08-14,6.6687
2017-08-15,6.6844
2017-08-16,6.6897
2017-08-17,6.6777
2017-08-20,6.6687
2017-08-21,6.6659
2017-08-22,6.6617
2017-08-23,6.6583
2017-08-24,6.6613
2017-08-27,6.5829
2017-08-28,6.6074
2017-08-29,6.5954
2017-08-30,6.5957
2017-08-31,6.5898
2017-09-03,6.5465
2017-09-04,6.5299
2017-09-05,6.5374
2017-09-06,6.5212
2017-09-07,6.4846
2017-09-10,6.5309
2017-09-11,6.5304
2017-09-12,6.535
2017-09-13,6.5422
2017-09-14,6.5548
2017-09-17,6.5507
2017-09-18,6.5731
2017-09-19,6.5833
2017-09-20,6.5749
2017-09-21,6.59
2017-09-24,6.6046
2017-09-25,6.6205
2017-09-26,6.6396
2017-09-27,6.6405
2017-09-28,6.665
2017-10-01,6.6578
2017-10-02,6.6517
2017-10-03,6.6511
2017-10-04,6.6538
2017-10-05,6.6539
2017-10-08,6.65
2017-10-09,6.6253
2017-10-10,6.5714
2017-10-11,6.5895
2017-10-12,6.588
2017-10-15,6.5833
2017-10-16,6.5885
2017-10-17,6.622
2017-10-18,6.6278
2017-10-19,6.6141
2017-10-22,6.6388
2017-10-23,6.6383
2017-10-24,6.636
2017-10-25,6.6376
2017-10-26,6.6411
2017-10-29,6.659
2017-10-30,6.6424
2017-10-31,6.6358
2017-11-01,6.5994
2017-11-02,6.6081
2017-11-05,6.638
2017-11-06,6.6335
2017-11-07,6.6398
2017-11-08,6.6266
2017-11-09,6.6303
2017-11-12,6.6393
2017-11-13,6.6386
2017-11-14,6.6356
2017-11-16,6.6277
2017-11-19,6.6619
2017-11-20,6.6335
2017-11-21,6.6292
2017-11-22,6.6109
2017-11-23,6.5833
2017-11-26,6.6012
2017-11-27,6.5953
2017-11-28,6.6094
2017-11-29,6.6083
2017-11-30,6.6121
2017-12-03,6.6346
2017-12-04,6.6189
2017-12-05,6.6168
2017-12-06,6.6144
2017-12-07,6.618
2017-12-10,6.6183
2017-12-11,6.6171
2017-12-12,6.6204
2017-12-13,6.6187
2017-12-14,6.6086
2017-12-17,6.6149
2017-12-18,6.6142
2017-12-19,6.605
2017-12-20,6.5797
2017-12-21,6.5854
2017-12-24,6.5786
2017-12-25,6.5388
2017-12-26,6.5431
2017-12-27,6.5547
2017-12-28,6.5316
2017-12-31,6.5057
2018-01-01,6.5058
2018-01-02,6.494
2018-01-03,6.5031
2018-01-04,6.4933
2018-01-07,6.4875
2018-01-08,6.4976
2018-01-09,6.5294
2018-01-10,6.5072
2018-01-11,6.4902
2018-01-14,6.4562
2018-01-15,6.4352
2018-01-16,6.4423
2018-01-17,6.4321
2018-01-18,6.4206
2018-01-21,6.403
2018-01-22,6.4044
2018-01-23,6.4029
2018-01-24,6.3693
2018-01-25,6.3228
2018-01-28,6.3159
2018-01-29,6.3363
2018-01-30,6.3211
2018-01-31,6.2882
2018-02-01,6.2984
2018-02-04,6.3076
2018-02-05,6.2897
2018-02-06,6.2825
2018-02-07,6.2676
2018-02-08,6.3263
2018-02-11,6.2869
2018-02-12,6.3265
2018-02-13,6.34
2018-02-14,6.346
2018-02-15,6.3472
2018-02-18,6.3401
2018-02-19,6.3484
2018-02-20,6.3462
2018-02-21,6.3466
2018-02-22,6.3502
2018-02-25,6.3273
2018-02-26,6.3141
2018-02-27,6.3167
2018-02-28,6.3309
2018-03-01,6.3574
2018-03-04,6.3503
2018-03-05,6.3489
2018-03-06,6.3094
2018-03-07,6.325
2018-03-08,6.3416
2018-03-11,6.3285
2018-03-12,6.3291
2018-03-13,6.3204
2018-03-14,6.316
2018-03-15,6.3209
2018-03-18,6.3382
2018-03-19,6.3316
2018-03-20,6.3329
2018-03-21,6.3206
2018-03-22,6.3347
2018-03-25,6.32
2018-03-26,6.2724
2018-03-27,6.2818
2018-03-28,6.2956
2018-03-29,6.2889
2018-04-01,6.2822
2018-04-02,6.2794
2018-04-03,6.2884
2018-04-04,6.3042
2018-04-05,6.3024
2018-04-08,6.3086
2018-04-09,6.3054
2018-04-10,6.2816
2018-04-11,6.2686
2018-04-12,6.291
2018-04-15,6.2741
2018-04-16,6.2757
2018-04-17,6.2805
2018-04-18,6.2734
2018-04-19,6.2781
2018-04-22,6.2955
2018-04-23,6.3161
2018-04-24,6.3059
2018-04-25,6.3247
2018-04-26,6.3354
2018-04-29,6.337
2018-04-30,6.3321
2018-05-01,6.3323
2018-05-02,6.3615
2018-05-03,6.3527
2018-05-06,6.3617
2018-05-07,6.3661
2018-05-08,6.3697
2018-05-09,6.3614
2018-05-10,6.3482
2018-05-13,6.3331
2018-05-14,6.3383
2018-05-15,6.3768
2018-05-16,6.3705
2018-05-17,6.3662
2018-05-20,6.3828
2018-05-21,6.3811
2018-05-22,6.3642
2018-05-23,6.3888
2018-05-24,6.3764
2018-05-27,6.3686
2018-05-28,6.3983
2018-05-29,6.4166
2018-05-30,6.418
2018-05-31,6.4093
2018-06-03,6.4194
2018-06-04,6.407
2018-06-05,6.405
2018-06-06,6.3879
2018-06-07,6.3921
2018-06-10,6.4057
2018-06-11,6.3916
2018-06-12,6.4005
2018-06-13,6.3973
2018-06-14,6.4045
2018-06-17,6.433
2018-06-18,6.4388
2018-06-19,6.4855
2018-06-20,6.4716
2018-06-21,6.4921
2018-06-24,6.5043
2018-06-25,6.539
2018-06-26,6.5783
2018-06-27,6.6019
2018-06-28,6.6274
2018-07-01,6.6243
2018-07-02,6.6667
2018-07-03,6.641
2018-07-04,6.6313
2018-07-05,6.6368
2018-07-08,6.6392
2018-07-09,6.6152
2018-07-10,6.6314
2018-07-11,6.6828
2018-07-12,6.6659
2018-07-15,6.6946
2018-07-16,6.6916
2018-07-17,6.7068
2018-07-18,6.7177
2018-07-19,6.7717
2018-07-22,6.7581
2018-07-23,6.792
2018-07-24,6.7905
2018-07-25,6.7687
2018-07-26,6.7828
2018-07-29,6.8127
2018-07-30,6.8149
2018-07-31,6.8117
2018-08-01,6.8226
2018-08-02,6.8328
2018-08-05,6.8332
2018-08-06,6.8541
2018-08-07,6.8336
2018-08-08,6.8352
2018-08-09,6.8172
2018-08-12,6.8462
2018-08-13,6.8894
2018-08-14,6.8847
2018-08-15,6.9338
2018-08-16,6.8815
2018-08-19,6.8766
2018-08-20,6.8568
2018-08-21,6.8455
2018-08-22,6.8432
2018-08-23,6.8775
2018-08-26,6.8006
2018-08-27,6.8133
2018-08-28,6.8042
2018-08-29,6.8187
2018-08-30,6.8431
2018-09-02,6.8346
2018-09-03,6.8221
2018-09-04,6.8425
2018-09-05,6.83
2018-09-06,6.8344
2018-09-09,6.8391
2018-09-10,6.8553
2018-09-11,6.8744
2018-09-12,6.8599
2018-09-13,6.8429
2018-09-16,6.8656
2018-09-17,6.8555
2018-09-18,6.8602
2018-09-19,6.8469
2018-09-20,6.8459
2018-09-23,6.8567
2018-09-24,6.8734
2018-09-25,6.8663
2018-09-26,6.8761
2018-09-27,6.8803
2018-09-30,6.8679
2018-10-01,6.8679
2018-10-02,6.8679
2018-10-03,6.8678
2018-10-04,6.8679
2018-10-07,6.8589
2018-10-08,6.9298
2018-10-09,6.9218
2018-10-10,6.9233
2018-10-11,6.8886
2018-10-14,6.9212
2018-10-15,6.9159
2018-10-16,6.911
2018-10-17,6.9263
2018-10-18,6.9367
2018-10-21,6.9286
2018-10-22,6.9465
2018-10-23,6.9374
2018-10-24,6.943
2018-10-25,6.948
2018-10-28,6.9425
2018-10-29,6.9519
2018-10-30,6.9663
2018-10-31,6.9747
2018-11-01,6.9224
2018-11-04,6.8899
2018-11-05,6.9248
2018-11-06,6.9185
2018-11-07,6.91
2018-11-08,6.9335
2018-11-11,6.9559
2018-11-12,6.9625
2018-11-13,6.9552
2018-11-14,6.9495
2018-11-15,6.9382
2018-11-18,6.937
2018-11-19,6.941
2018-11-20,6.9444
2018-11-21,6.9262
2018-11-22,6.931
2018-11-25,6.9475
2018-11-26,6.9308
2018-11-27,6.9506
2018-11-28,6.9529
2018-11-29,6.9415
2018-12-02,6.958
2018-12-03,6.8823
2018-12-04,6.8363
2018-12-05,6.8558
2018-12-06,6.8817
2018-12-09,6.8747
2018-12-10,6.911
2018-12-11,6.899
2018-12-12,6.879
2018-12-13,6.8807
2018-12-16,6.9066
2018-12-17,6.8962
2018-12-18,6.8942
2018-12-19,6.891
2018-12-20,6.8841
2018-12-23,6.9054
2018-12-24,6.8981
2018-12-25,6.8983
2018-12-26,6.8981
2018-12-27,6.8653
2018-12-30,6.8772
2018-12-31,6.8776
2019-01-01,6.8775
2019-01-02,6.8611
2019-01-03,6.8711
2019-01-06,6.8684
2019-01-07,6.85
2019-01-08,6.8522
2019-01-09,6.8156
2019-01-10,6.7875
2019-01-13,6.762
2019-01-14,6.7671
2019-01-15,6.751
2019-01-16,6.756
2019-01-17,6.7754
2019-01-20,6.7778
2019-01-21,6.7973
2019-01-22,6.807
2019-01-23,6.791
2019-01-24,6.7876
2019-01-27,6.7464
2019-01-28,6.7443
2019-01-29,6.732
2019-01-30,6.7155
2019-01-31,6.6998
2019-02-03,6.7438
2019-02-04,6.7438
2019-02-05,6.7348
2019-02-06,6.7438
2019-02-07,6.7438
2019-02-10,6.7438
2019-02-11,6.7914
2019-02-12,6.773
2019-02-13,6.7594
2019-02-14,6.7712
2019-02-17,6.7721
2019-02-18,6.7657
2019-02-19,6.7577
2019-02-20,6.7203
2019-02-21,6.7191
2019-02-24,6.7132
2019-02-25,6.6884
2019-02-26,6.6992
2019-02-27,6.6862
2019-02-28,6.693
2019-03-03,6.7054
2019-03-04,6.7063
2019-03-05,6.7066
2019-03-06,6.7109
2019-03-07,6.7141
2019-03-10,6.7206
2019-03-11,6.7255
2019-03-12,6.7076
2019-03-13,6.7061
2019-03-14,6.722
2019-03-17,6.7128
2019-03-18,6.7031
2019-03-19,6.711
2019-03-20,6.6936
2019-03-21,6.6982
2019-03-24,6.7171
2019-03-25,6.7084
2019-03-26,6.7147
2019-03-27,6.7262
2019-03-28,6.7381
2019-03-31,6.7111
2019-04-01,6.7105
2019-04-02,6.7224
2019-04-03,6.7014
2019-04-04,6.7166
2019-04-07,6.7169
2019-04-08,6.7154
2019-04-09,6.7108
2019-04-10,6.7154
2019-04-11,6.7185
2019-04-14,6.7032
2019-04-15,6.7077
2019-04-16,6.7112
2019-04-17,6.6872
2019-04-18,6.7081
2019-04-21,6.7034
2019-04-22,6.7085
2019-04-23,6.7249
2019-04-24,6.7209
2019-04-25,6.7421
2019-04-28,6.7288
2019-04-29,6.7324
2019-04-30,6.7338
2019-05-01,6.734
2019-05-02,6.7339
2019-05-05,6.7336
2019-05-06,6.7636
2019-05-07,6.776
2019-05-08,6.782
2019-05-09,6.8265
2019-05-12,6.8231
2019-05-13,6.8773
2019-05-14,6.8749
2019-05-15,6.8752
2019-05-16,6.8828
2019-05-19,6.9177
2019-05-20,6.9113
2019-05-22,6.9054
2019-05-23,6.9095
2019-05-26,6.8993
2019-05-27,6.8972
2019-05-28,6.9091
2019-05-29,6.9134
2019-05-30,6.9009
2019-06-02,6.9041
2019-06-03,6.9028
2019-06-04,6.9073
2019-06-05,6.9081
2019-06-06,6.909
2019-06-09,6.9088
2019-06-10,6.9301
2019-06-11,6.9104
2019-06-12,6.9169
2019-06-13,6.9208
2019-06-16,6.9245
2019-06-17,6.9249
2019-06-18,6.9023
2019-06-19,6.9027
2019-06-20,6.851
2019-06-23,6.8689
2019-06-24,6.8761
2019-06-25,6.8788
2019-06-26,6.8791
2019-06-27,6.8671
2019-06-30,6.8658
2019-07-01,6.8508
2019-07-02,6.872
2019-07-03,6.8802
2019-07-04,6.8706
2019-07-07,6.8926
2019-07-08,6.8809
2019-07-09,6.8883
2019-07-10,6.8722
2019-07-11,6.8692
2019-07-14,6.8798
2019-07-15,6.8769
2019-07-16,6.8753
2019-07-17,6.8728
2019-07-18,6.8791
2019-07-21,6.8811
2019-07-22,6.8801
2019-07-23,6.8783
2019-07-24,6.8715
2019-07-25,6.8716
2019-07-28,6.8782
2019-07-29,6.8924
2019-07-30,6.8836
2019-07-31,6.8834
2019-08-01,6.8978
2019-08-04,6.9392
2019-08-05,7.0497
2019-08-06,7.0256
2019-08-07,7.0591
2019-08-08,7.0443
2019-08-11,7.0615
2019-08-12,7.0572
2019-08-13,7.0335
2019-08-14,7.0235
2019-08-15,7.024
2019-08-18,7.0419
2019-08-19,7.0498
2019-08-20,7.0596
2019-08-21,7.0624
2019-08-22,7.0827
2019-08-25,7.095
2019-08-26,7.1503
2019-08-27,7.1614
2019-08-28,7.1553
2019-08-29,7.1436
2019-09-01,7.1557
2019-09-02,7.171
2019-09-03,7.178
2019-09-04,7.1451
2019-09-05,7.1477
2019-09-08,7.1147
2019-09-09,7.1211
2019-09-10,7.1117
2019-09-11,7.1158
2019-09-12,7.0784
2019-09-15,7.0784
2019-09-16,7.0664
2019-09-17,7.0909
2019-09-18,7.085
2019-09-19,7.0956
2019-09-22,7.0906
2019-09-23,7.1176
2019-09-24,7.1155
2019-09-25,7.1308
2019-09-26,7.1316
2019-09-29,7.1218
2019-09-30,7.1475
2019-10-01,7.1474
2019-10-02,7.1476
2019-10-03,7.1475
2019-10-06,7.1474
2019-10-07,7.1474
2019-10-08,7.1435
2019-10-09,7.1314
2019-10-10,7.1155
2019-10-13,7.0872
2019-10-14,7.0666
2019-10-15,7.0808
2019-10-16,7.0927
2019-10-17,7.0764
2019-10-20,7.0807
2019-10-21,7.0663
2019-10-22,7.0762
2019-10-23,7.0646
2019-10-24,7.0681
2019-10-27,7.0647
2019-10-28,7.0669
2019-10-29,7.0649
2019-10-30,7.0544
2019-10-31,7.0382
2019-11-03,7.0364
2019-11-04,7.0294
2019-11-05,7.0088
2019-11-06,6.9972
2019-11-10,6.995
2019-11-11,7.0096
2019-11-12,7.0068
2019-11-13,7.0226
2019-11-14,7.0198
2019-11-17,7.0073
2019-11-18,7.025
2019-11-19,7.0268
2019-11-20,7.035
2019-11-21,7.0282
2019-11-24,7.0383
2019-11-25,7.0355
2019-11-26,7.0325
2019-11-27,7.0279
2019-11-28,7.0344
2019-12-01,7.0315
2019-12-02,7.0383
2019-12-03,7.0602
2019-12-04,7.0489
2019-12-05,7.0438
2019-12-08,7.0343
2019-12-09,7.0382
2019-12-10,7.0333
2019-12-11,7.0378
2019-12-12,7.0195
2019-12-15,6.9719
2019-12-16,6.9816
2019-12-17,6.9962
2019-12-18,7.004
2019-12-19,7.0094
2019-12-22,7.0057
2019-12-23,7.0118
2019-12-24,7.0064
2019-12-25,6.9883
2019-12-26,6.9963
2019-12-29,6.9948
2019-12-30,6.9857
2019-12-31,6.9623
2020-01-01,6.9622
2020-01-02,6.9634
2020-01-05,6.9645
2020-01-06,6.9745
2020-01-07,6.9444
2020-01-08,6.9452
2020-01-09,6.9517
2020-01-12,6.9093
2020-01-13,6.8927
2020-01-14,6.9003
2020-01-15,6.8898
2020-01-16,6.8781
2020-01-19,6.8587
2020-01-20,6.8658
2020-01-21,6.9048
2020-01-22,6.9057
2020-01-23,6.9356
2020-01-26,6.9357
2020-01-27,6.9357
2020-01-28,6.9357
2020-01-29,6.9357
2020-01-30,6.9357
2020-02-02,6.9357
2020-02-03,7.0206
2020-02-04,6.9975
2020-02-05,6.9728
2020-02-06,6.9698
2020-02-09,7.0006
2020-02-10,6.9835
2020-02-11,6.9649
2020-02-12,6.971
2020-02-13,6.9764
2020-02-16,6.9861
2020-02-17,6.9793
2020-02-18,6.9962
2020-02-19,6.9972
2020-02-20,7.0224
2020-02-23,7.0262
2020-02-24,7.0284
2020-02-25,7.0364
2020-02-26,7.0398
2020-02-27,7.0035
2020-03-01,6.9909
2020-03-02,6.9998
2020-03-03,6.961
2020-03-04,6.9654
2020-03-05,6.936
2020-03-08,6.9311
2020-03-09,6.9456
2020-03-10,6.9556
2020-03-11,6.9596
2020-03-12,7.0286
2020-03-15,7.0072
2020-03-16,6.9927
2020-03-17,7.0062
2020-03-18,7.0464
2020-03-19,7.1077
2020-03-22,7.0948
2020-03-23,7.0913
2020-03-24,7.062
2020-03-25,7.1135
2020-03-26,7.0731
2020-03-29,7.0953
2020-03-30,7.0992
2020-03-31,7.0814
2020-04-01,7.0993
2020-04-02,7.0832
2020-04-05,7.0913
2020-04-06,7.0913
2020-04-07,7.0448
2020-04-08,7.0649
2020-04-09,7.0422
2020-04-12,7.0351
2020-04-13,7.0516
2020-04-14,7.0483
2020-04-15,7.0665
2020-04-16,7.0788
2020-04-19,7.0722
2020-04-20,7.0724
2020-04-21,7.0708
2020-04-22,7.0831
2020-04-23,7.0652
2020-04-26,7.0809
2020-04-27,7.0853
2020-04-28,7.0781
2020-04-29,7.0754
2020-04-30,7.0613
2020-05-03,7.0615
2020-05-04,7.0615
2020-05-05,7.0615
2020-05-06,7.1036
2020-05-07,7.0838
2020-05-10,7.0731
2020-05-11,7.098
2020-05-12,7.0821
2020-05-13,7.0913
2020-05-14,7.0947
2020-05-17,7.1012
2020-05-18,7.1086
2020-05-19,7.0982
2020-05-20,7.0925
2020-05-21,7.1143
2020-05-24,7.1294
2020-05-25,7.1357
2020-05-26,7.1341
2020-05-27,7.1682
2020-05-28,7.1452
2020-05-31,7.1363
2020-06-01,7.1267
2020-06-02,7.0999
2020-06-03,7.1147
2020-06-04,7.1092
2020-06-07,7.081
2020-06-08,7.0703
2020-06-09,7.0763
2020-06-10,7.06
2020-06-11,7.0641
2020-06-14,7.0824
2020-06-15,7.0908
2020-06-16,7.086
2020-06-17,7.0845
2020-06-18,7.0884
2020-06-21,7.0713
2020-06-22,7.0674
2020-06-23,7.0574
2020-06-24,7.0772
2020-06-25,7.0772
2020-06-28,7.0772
2020-06-29,7.0796
2020-06-30,7.0644
2020-07-01,7.0701
2020-07-02,7.0655
2020-07-05,7.0654
2020-07-06,7.0173
2020-07-07,7.0129
2020-07-08,7.0035
2020-07-09,6.9931
2020-07-12,6.992
2020-07-13,6.9964
2020-07-14,6.9958
2020-07-15,6.9878
2020-07-16,6.9882
2020-07-19,6.9912
2020-07-20,6.9823
2020-07-21,6.9797
2020-07-22,6.9987
2020-07-23,7.0031
2020-07-26,7.0161
2020-07-27,6.9932
2020-07-28,6.9997
2020-07-29,7.0003
2020-07-30,7.0073
2020-08-02,6.9742
2020-08-03,6.9794
2020-08-04,6.9727
2020-08-05,6.9346
2020-08-06,6.9524
2020-08-09,6.967
2020-08-10,6.9608
2020-08-11,6.9453
2020-08-12,6.9362
2020-08-13,6.9436
2020-08-16,6.9494
2020-08-17,6.9318
2020-08-18,6.9208
2020-08-19,6.9192
2020-08-20,6.9148
2020-08-23,6.9185
2020-08-24,6.9189
2020-08-25,6.9119
2020-08-26,6.8849
2020-08-27,6.8892
2020-08-30,6.8644
2020-08-31,6.8477
2020-09-01,6.8275
2020-09-02,6.8373
2020-09-03,6.8458
2020-09-06,6.8415
2020-09-07,6.8295
2020-09-08,6.8451
2020-09-09,6.8318
2020-09-10,6.8333
2020-09-13,6.8334
2020-09-14,6.8091
2020-09-15,6.7803
2020-09-16,6.7537
2020-09-17,6.7641
2020-09-20,6.768
2020-09-21,6.8037
2020-09-22,6.7784
2020-09-23,6.8089
2020-09-24,6.8277
2020-09-27,6.8228
2020-09-28,6.8108
2020-09-29,6.8154
2020-09-30,6.7897
2020-10-01,6.7894
2020-10-04,6.7898
2020-10-05,6.7898
2020-10-06,6.7898
2020-10-07,6.7897
2020-10-08,6.7892
2020-10-11,6.6937
2020-10-12,6.7444
2020-10-13,6.7455
2020-10-14,6.7136
2020-10-15,6.7239
2020-10-18,6.6966
2020-10-19,6.6807
2020-10-20,6.6752
2020-10-21,6.65
2020-10-22,6.6835
2020-10-25,6.6857
2020-10-26,6.7113
2020-10-27,6.7044
2020-10-28,6.7279
2020-10-29,6.714
2020-11-01,6.6891
2020-11-02,6.6897
2020-11-03,6.6766
2020-11-04,6.652
2020-11-05,6.6052
2020-11-08,6.6104
2020-11-09,6.6281
2020-11-10,6.6148
2020-11-11,6.6308
2020-11-12,6.6106
2020-11-15,6.6054
2020-11-16,6.5838
2020-11-17,6.5551
2020-11-18,6.5595
2020-11-19,6.5824
2020-11-22,6.5619
2020-11-23,6.5845
2020-11-24,6.5902
2020-11-25,6.5775
2020-11-26,6.5745
2020-11-29,6.576
2020-11-30,6.5778
2020-12-01,6.5708
2020-12-02,6.5624
2020-12-03,6.5414
2020-12-06,6.5306
2020-12-07,6.5287
2020-12-08,6.5317
2020-12-09,6.5422
2020-12-10,6.5444
2020-12-13,6.5457
2020-12-14,6.5497
2020-12-15,6.5383
2020-12-16,6.5313
2020-12-17,6.5321
2020-12-20,6.536
2020-12-21,6.5482
2020-12-22,6.5422
2020-12-23,6.5396
2020-12-24,6.529
2020-12-27,6.5408
2020-12-28,6.5356
2020-12-29,6.53
2020-12-30,6.5222
2020-12-31,6.5317
2021-01-03,6.532
2021-01-04,6.4605
2021-01-05,6.4552
2021-01-06,6.4607
2021-01-07,6.4772
2021-01-10,6.4743
2021-01-11,6.4797
2021-01-12,6.4629
2021-01-13,6.467
2021-01-14,6.4731
2021-01-17,6.4797
2021-01-18,6.4914
2021-01-19,6.4779
2021-01-20,6.4654
2021-01-21,6.4614
2021-01-24,6.4808
2021-01-25,6.4787
2021-01-26,6.4637
2021-01-27,6.4821
2021-01-28,6.4484
2021-01-31,6.4268
2021-02-01,6.4675
2021-02-02,6.4564
2021-02-03,6.4592
2021-02-04,6.4707
2021-02-07,6.4657
2021-02-08,6.448
2021-02-09,6.4342
2021-02-10,6.4572
2021-02-11,6.4569
2021-02-14,6.4572
2021-02-15,6.4572
2021-02-16,6.4571
2021-02-17,6.4576
2021-02-18,6.4872
2021-02-21,6.4858
2021-02-22,6.4631
2021-02-23,6.463
2021-02-24,6.456
2021-02-25,6.4538
2021-02-28,6.4779
2021-03-01,6.4632
2021-03-02,6.4695
2021-03-03,6.4668
2021-03-04,6.469
2021-03-07,6.4957
2021-03-08,6.5246
2021-03-09,6.5056
2021-03-10,6.5049
2021-03-11,6.493
2021-03-14,6.4985
2021-03-15,6.4989
2021-03-16,6.505
2021-03-17,6.5026
2021-03-18,6.5048
2021-03-21,6.499
2021-03-22,6.5063
2021-03-23,6.5149
2021-03-24,6.5146
2021-03-25,6.5448
2021-03-28,6.5405
2021-03-29,6.5687
2021-03-30,6.571
2021-03-31,6.5512
2021-04-01,6.5644
2021-04-04,6.5665
2021-04-05,6.5659
2021-04-06,6.5385
2021-04-07,6.541
2021-04-08,6.55
2021-04-11,6.552
2021-04-12,6.5479
2021-04-13,6.5426
2021-04-14,6.5281
2021-04-15,6.5213
2021-04-18,6.5111
2021-04-19,6.5093
2021-04-20,6.4985
2021-04-21,6.49
2021-04-22,6.4903
2021-04-25,6.4944
2021-04-26,6.4845
2021-04-27,6.4821
2021-04-28,6.4779
2021-04-29,6.4712
2021-05-02,6.4735
2021-05-03,6.4728
2021-05-04,6.4728
2021-05-05,6.473
2021-05-06,6.4632
2021-05-09,6.4315
2021-05-10,6.4151
2021-05-11,6.4283
2021-05-12,6.4552
2021-05-13,6.4509
2021-05-16,6.4361
2021-05-17,6.4382
2021-05-18,6.4242
2021-05-19,6.434
2021-05-20,6.4339
2021-05-23,6.4332
2021-05-24,6.4183
2021-05-25,6.41
2021-05-26,6.3907
2021-05-27,6.382
2021-05-30,6.3674
2021-05-31,6.369
2021-06-01,6.3807
2021-06-02,6.3801
2021-06-03,6.4027
2021-06-06,6.3943
2021-06-07,6.3963
2021-06-08,6.3995
2021-06-09,6.3865
2021-06-10,6.3923
2021-06-13,6.3977
2021-06-14,6.3972
2021-06-15,6.405
2021-06-16,6.3967
2021-06-17,6.4474
2021-06-20,6.4521
2021-06-21,6.4659
2021-06-22,6.4803
2021-06-23,6.473
2021-06-24,6.471
2021-06-27,6.4463
2021-06-28,6.4551
2021-06-29,6.4631
2021-06-30,6.4562
2021-07-01,6.4676
2021-07-04,6.4721
2021-07-05,6.4628
2021-07-06,6.4781
2021-07-07,6.4715
2021-07-08,6.4891
2021-07-11,6.478
2021-07-12,6.4746
2021-07-13,6.4675
2021-07-14,6.4683
2021-07-15,6.4601
2021-07-18,6.4782
2021-07-19,6.4894
2021-07-20,6.4839
2021-07-21,6.467
2021-07-22,6.4697
2021-07-25,6.4804
2021-07-26,6.4817
2021-07-27,6.5097
2021-07-28,6.4894
2021-07-29,6.4553
2021-08-01,6.4605
2021-08-02,6.461
2021-08-03,6.4692
2021-08-04,6.4652
2021-08-05,6.4603
2021-08-08,6.4825
2021-08-09,6.4852
2021-08-10,6.4849
2021-08-11,6.4782
2021-08-12,6.4783
2021-08-15,6.4764
2021-08-16,6.4736
2021-08-17,6.4851
2021-08-18,6.4832
2021-08-19,6.4937
2021-08-22,6.4916
2021-08-23,6.48
2021-08-24,6.4699
2021-08-25,6.4749
2021-08-26,6.4805
2021-08-29,6.4708
2021-08-30,6.4651
2021-08-31,6.4596
2021-09-01,6.459
2021-09-02,6.4554
2021-09-05,6.4519
2021-09-06,6.4567
2021-09-07,6.4655
2021-09-08,6.4607
2021-09-09,6.4543
2021-09-12,6.4434
2021-09-13,6.4508
2021-09-14,6.4383
2021-09-15,6.4314
2021-09-16,6.4566
2021-09-19,6.4652
2021-09-20,6.465
2021-09-21,6.466
2021-09-22,6.4608
2021-09-23,6.4579
2021-09-26,6.4657
2021-09-27,6.456
2021-09-28,6.459
2021-09-29,6.4696
2021-09-30,6.4455
2021-10-03,6.4457
2021-10-04,6.4452
2021-10-05,6.4452
2021-10-06,6.4452
2021-10-07,6.4452
2021-10-10,6.4423
2021-10-11,6.4496
2021-10-12,6.448
2021-10-13,6.4266
2021-10-14,6.439
2021-10-17,6.4348
2021-10-18,6.4289
2021-10-19,6.3818
2021-10-20,6.3929
2021-10-21,6.3918
2021-10-24,6.3839
2021-10-25,6.3847
2021-10-26,6.3815
2021-10-27,6.3916
2021-10-28,6.3904
2021-10-31,6.4047
2021-11-01,6.3962
2021-11-02,6.3989
2021-11-03,6.4062
2021-11-04,6.3964
2021-11-07,6.3979
2021-11-08,6.3916
2021-11-09,6.3917
2021-11-10,6.3881
2021-11-11,6.3895
2021-11-14,6.3786
2021-11-15,6.3821
2021-11-16,6.3911
2021-11-17,6.3769
2021-11-18,6.385
2021-11-21,6.3862
2021-11-22,6.3843
2021-11-23,6.3908
2021-11-24,6.3918
2021-11-25,6.386
2021-11-28,6.392
2021-11-29,6.387
2021-11-30,6.3632
2021-12-01,6.3673
2021-12-02,6.3756
2021-12-05,6.3753
2021-12-06,6.3748
2021-12-07,6.3663
2021-12-08,6.3437
2021-12-09,6.3765
2021-12-12,6.36
2021-12-13,6.3655
2021-12-14,6.3665
2021-12-15,6.3665
2021-12-16,6.3672
2021-12-19,6.374
2021-12-20,6.3746
2021-12-21,6.3706
2021-12-22,6.3691
2021-12-23,6.3688
2021-12-26,6.3666
2021-12-27,6.3698
2021-12-28,6.3672
2021-12-29,6.3673
2021-12-30,6.3721
2022-01-02,6.3549
2022-01-03,6.3551
2022-01-04,6.3543
2022-01-05,6.354
2022-01-06,6.3819
2022-01-09,6.3762
2022-01-10,6.3739
2022-01-11,6.3729
2022-01-12,6.3576
2022-01-13,6.3581
2022-01-16,6.3515
2022-01-17,6.3467
2022-01-18,6.3522
2022-01-19,6.3435
2022-01-20,6.3395
2022-01-23,6.3377
2022-01-24,6.3298
2022-01-25,6.3265
2022-01-26,6.3196
2022-01-27,6.3669
2022-01-30,6.351
2022-01-31,6.3595
2022-02-01,6.3595
2022-02-02,6.3595
2022-02-03,6.3595
2022-02-06,6.3595
2022-02-07,6.3523
2022-02-08,6.3657
2022-02-09,6.3614
2022-02-10,6.3526
2022-02-13,6.3531
2022-02-14,6.3559
2022-02-15,6.338
2022-02-16,6.3356
2022-02-17,6.3358
2022-02-20,6.3242
2022-02-21,6.3342
2022-02-22,6.3253
2022-02-23,6.3123
2022-02-24,6.3268
2022-02-27,6.316
2022-02-28,6.3084
2022-03-01,6.3115
2022-03-02,6.3196
2022-03-03,6.3192
2022-03-06,6.3167
2022-03-07,6.3193
2022-03-08,6.3176
2022-03-09,6.3166
2022-03-10,6.3208
2022-03-13,6.3387
2022-03-14,6.3645
2022-03-15,6.3691
2022-03-16,6.3512
2022-03-17,6.3455
2022-03-20,6.3602
2022-03-21,6.3545
2022-03-22,6.3653
2022-03-23,6.3713
2022-03-24,6.3663
2022-03-27,6.3652
2022-03-28,6.3707
2022-03-29,6.3631
2022-03-30,6.3462
2022-03-31,6.3389
2022-04-03,6.3621
2022-04-04,6.3624
2022-04-05,6.3631
2022-04-06,6.3585
2022-04-07,6.3597
2022-04-10,6.364
2022-04-11,6.3687
2022-04-12,6.365
2022-04-13,6.3672
2022-04-14,6.3774
2022-04-17,6.3702
2022-04-18,6.3662
2022-04-19,6.3924
2022-04-20,6.4177
2022-04-21,6.4493
2022-04-24,6.5003
2022-04-25,6.5579
2022-04-26,6.5563
2022-04-27,6.5595
2022-04-28,6.6253
2022-05-01,6.6075
2022-05-02,6.6075
2022-05-03,6.6074
2022-05-04,6.6075
2022-05-05,6.6546
2022-05-08,6.6656
2022-05-09,6.7298
2022-05-10,6.7336
2022-05-11,6.7207
2022-05-12,6.7859
2022-05-15,6.788
2022-05-16,6.7851
2022-05-17,6.7362
2022-05-18,6.7534
2022-05-19,6.7121
2022-05-22,6.692
2022-05-23,6.6498
2022-05-24,6.653
2022-05-25,6.6917
2022-05-26,6.7378
2022-05-29,6.6976
2022-05-30,6.6603
2022-05-31,6.6717
2022-06-01,6.6852
2022-06-02,6.6592
2022-06-05,6.6593
2022-06-06,6.6529
2022-06-07,6.6697
2022-06-08,6.6827
2022-06-09,6.6908
2022-06-12,6.7079
2022-06-13,6.7535
2022-06-14,6.7395
2022-06-15,6.7123
2022-06-16,6.7034
2022-06-19,6.7157
2022-06-20,6.6914
2022-06-21,6.6884
2022-06-22,6.7011
2022-06-23,6.6973
2022-06-26,6.6888
2022-06-27,6.6907
2022-06-28,6.7073
2022-06-29,6.6998
2022-06-30,6.6982
2022-07-03,6.7005
2022-07-04,6.6986
2022-07-05,6.7188
2022-07-06,6.7065
2022-07-07,6.7005
2022-07-10,6.6943
2022-07-11,6.7172
2022-07-12,6.7233
2022-07-13,6.7176
2022-07-14,6.7552
2022-07-17,6.7565
2022-07-18,6.7423
2022-07-19,6.7437
2022-07-20,6.7549
2022-07-21,6.7656
2022-07-24,6.7505
2022-07-25,6.7495
2022-07-26,6.7623
2022-07-27,6.7574
2022-07-28,6.7458
2022-07-31,6.7432
2022-08-01,6.7677
2022-08-02,6.7518
2022-08-03,6.757
2022-08-04,6.7478
2022-08-07,6.7609
2022-08-08,6.7499
2022-08-09,6.7517
2022-08-10,6.7228
2022-08-11,6.7436
2022-08-14,6.7418
2022-08-15,6.772
2022-08-16,6.7874
2022-08-17,6.7799
2022-08-18,6.7846
2022-08-21,6.8157
2022-08-22,6.8479
2022-08-23,6.8336
2022-08-24,6.8585
2022-08-25,6.8483
2022-08-28,6.8708
2022-08-29,6.907
2022-08-30,6.9108
2022-08-31,6.8889
2022-09-01,6.9055
2022-09-04,6.899
2022-09-05,6.9331
2022-09-06,6.9531
2022-09-07,6.9653
2022-09-08,6.9565
2022-09-11,6.9255
2022-09-12,6.925
2022-09-13,6.9241
2022-09-14,6.961
2022-09-15,6.993
2022-09-18,6.979
2022-09-19,7.0056
2022-09-20,7.0172
2022-09-21,7.0479
2022-09-22,7.0766
2022-09-25,7.1274
2022-09-26,7.148
2022-09-27,7.1768
2022-09-28,7.199
2022-09-29,7.1239
2022-10-02,7.115
2022-10-03,7.1149
2022-10-04,7.115
2022-10-05,7.115
2022-10-06,7.115
2022-10-09,7.115
2022-10-10,7.1536
2022-10-11,7.1644
2022-10-12,7.1741
2022-10-13,7.1695
2022-10-16,7.19
2022-10-17,7.1955
2022-10-18,7.2006
2022-10-19,7.2273
2022-10-20,7.2158
2022-10-23,7.2428
2022-10-24,7.2619
2022-10-25,7.3038
2022-10-26,7.1719
2022-10-27,7.2279
2022-10-30,7.2514
2022-10-31,7.3018
2022-11-01,7.2766
2022-11-02,7.2887
2022-11-03,7.3008
2022-11-06,7.1751
2022-11-07,7.2288
2022-11-08,7.2482
2022-11-09,7.2408
2022-11-10,7.1859
2022-11-13,7.1071
2022-11-14,7.0729
2022-11-15,7.043
2022-11-16,7.0872
2022-11-17,7.1562
2022-11-20,7.1189
2022-11-21,7.1642
2022-11-22,7.1393
2022-11-23,7.1658
2022-11-24,7.1503
2022-11-27,7.1705
2022-11-28,7.2071
2022-11-29,7.1594
2022-11-30,7.0762
2022-12-01,7.0437
2022-12-04,7.0239
2022-12-05,6.9609
2022-12-06,6.9949
2022-12-07,6.9726
2022-12-08,6.9663
2022-12-11,6.9566
2022-12-12,6.9765
2022-12-13,6.9434
2022-12-14,6.9499
2022-12-15,6.9722
2022-12-18,6.9721
2022-12-19,6.9786
2022-12-20,6.9608
2022-12-21,6.9806
2022-12-22,6.983
2022-12-25,6.9887
2022-12-26,6.9612
2022-12-27,6.959
2022-12-28,6.9776
2022-12-29,6.9631
2023-01-01,6.8969
2023-01-02,6.8971
2023-01-03,6.9141
2023-01-04,6.8878
2023-01-05,6.8815
2023-01-08,6.8374
2023-01-09,6.771
2023-01-10,6.7774
2023-01-11,6.769
2023-01-12,6.7378
2023-01-15,6.7018
2023-01-16,6.7325
2023-01-17,6.7724
2023-01-18,6.7471
2023-01-19,6.7758
2023-01-22,6.7826
2023-01-23,6.783
2023-01-24,6.7835
2023-01-25,6.7829
2023-01-26,6.7825
2023-01-29,6.7824
2023-01-30,6.7478
2023-01-31,6.7536
2023-02-01,6.7408
2023-02-02,6.7315
2023-02-05,6.7742
2023-02-06,6.794
2023-02-07,6.7912
2023-02-08,6.7882
2023-02-09,6.7797
2023-02-12,6.8083
2023-02-13,6.8219
2023-02-14,6.8259
2023-02-15,6.8519
2023-02-16,6.8597
2023-02-19,6.8576
2023-02-20,6.8541
2023-02-21,6.8725
2023-02-22,6.8913
2023-02-23,6.907
2023-02-26,6.955
2023-02-27,6.9439
2023-02-28,6.9323
2023-03-01,6.868
2023-03-02,6.9138
2023-03-05,6.9068
2023-03-06,6.9294
2023-03-07,6.9614
2023-03-08,6.9503
2023-03-09,6.9636
2023-03-12,6.9052
2023-03-13,6.8446
2023-03-14,6.8705
2023-03-15,6.9059
2023-03-16,6.8975
2023-03-19,6.8861
2023-03-20,6.8777
2023-03-21,6.883
2023-03-22,6.8792
2023-03-23,6.8184
2023-03-26,6.867
2023-03-27,6.8844
2023-03-28,6.8733
2023-03-29,6.8856
2023-03-30,6.8704
2023-04-02,6.868
2023-04-03,6.8773
2023-04-04,6.8788
2023-04-05,6.8785
2023-04-06,6.8749
2023-04-09,6.8693
2023-04-10,6.8811
2023-04-11,6.8855
2023-04-12,6.8737
2023-04-13,6.8678
2023-04-16,6.8704
2023-04-17,6.8788
2023-04-18,6.8749
2023-04-19,6.8851
2023-04-20,6.8721
2023-04-23,6.8925
2023-04-24,6.8949
2023-04-25,6.9316
2023-04-26,6.9258
2023-04-27,6.9223
2023-04-30,6.9111
2023-05-01,6.911
2023-05-02,6.9106
2023-05-03,6.9106
2023-05-04,6.9057
2023-05-07,6.9095
2023-05-08,6.9115
2023-05-09,6.9194
2023-05-10,6.9322
2023-05-11,6.9477
2023-05-14,6.9573
2023-05-15,6.9516
2023-05-16,6.9766
2023-05-17,6.9971
2023-05-18,7.0351
2023-05-21,7.0069
2023-05-22,7.0309
2023-05-23,7.0564
2023-05-24,7.0598
2023-05-25,7.0774
2023-05-28,7.0548
2023-05-29,7.0723
2023-05-30,7.079
2023-05-31,7.1108
2023-06-01,7.093
2023-06-04,7.0838
2023-06-05,7.105
2023-06-06,7.1188
2023-06-07,7.1288
2023-06-08,7.1112
2023-06-11,7.1276
2023-06-12,7.1446
2023-06-13,7.1665
2023-06-14,7.1626
2023-06-15,7.1199
2023-06-18,7.1256
2023-06-19,7.1604
2023-06-20,7.1808
2023-06-21,7.1784
2023-06-22,7.1785
2023-06-25,7.1785
2023-06-26,7.2365
2023-06-27,7.2187
2023-06-28,7.2434
2023-06-29,7.2518
2023-07-02,7.2424
2023-07-03,7.2398
2023-07-04,7.2135
2023-07-05,7.2464
2023-07-06,7.2492
2023-07-09,7.2113
2023-07-10,7.2306
2023-07-11,7.2092
2023-07-12,7.1653
2023-07-13,7.15
2023-07-16,7.1403
2023-07-17,7.1706
2023-07-18,7.1793
2023-07-19,7.2259
2023-07-20,7.1765
2023-07-23,7.1779
2023-07-24,7.1853
2023-07-25,7.1354
2023-07-26,7.15
2023-07-27,7.1731
2023-07-30,7.1028
2023-07-31,7.0957
2023-08-01,7.1765
2023-08-02,7.1904
2023-08-03,7.1628
2023-08-06,7.1312
2023-08-07,7.1923
2023-08-08,7.2157
2023-08-09,7.2086
2023-08-10,7.2147
2023-08-13,7.1923
2023-08-14,7.2573
2023-08-15,7.2815
2023-08-16,7.297
2023-08-17,7.2804
2023-08-20,7.2807
2023-08-21,7.198
2023-08-22,7.2924
2023-08-23,7.1705
2023-08-24,7.2765
2023-08-27,7.289
2023-08-28,7.2891
2023-08-29,7.2794
2023-08-30,7.2836
2023-08-31,7.2569
2023-09-03,7.1401
2023-09-04,7.2719
2023-09-05,7.3034
2023-09-06,7.3159
2023-09-07,7.3278
2023-09-10,7.2324
2023-09-11,7.288
2023-09-12,7.2909
2023-09-13,7.2688
2023-09-14,7.2759
2023-09-17,7.2739
2023-09-18,7.2906
2023-09-19,7.2956
2023-09-20,7.286
2023-09-21,7.3065
2023-09-24,7.2975
2023-09-25,7.3099
2023-09-26,7.3107
2023-09-27,7.3081
2023-09-28,7.2999
2023-10-01,7.1636
2023-10-02,7.1799
2023-10-03,7.1943
2023-10-04,7.2003
2023-10-05,7.1977
2023-10-08,7.3005
2023-10-09,7.2904
2023-10-10,7.295
2023-10-11,7.2987
2023-10-12,7.3015
2023-10-15,7.1681
2023-10-16,7.3093
2023-10-17,7.3117
2023-10-18,7.3135
2023-10-19,7.3112
2023-10-22,7.3154
2023-10-23,7.3141
2023-10-24,7.309
2023-10-25,7.3157
2023-10-26,7.3149
2023-10-29,7.1587
2023-10-30,7.3121
2023-10-31,7.3155
2023-11-01,7.3159
2023-11-02,7.3141
2023-11-05,7.2985
2023-11-06,7.2686
2023-11-07,7.2781
2023-11-08,7.2793
2023-11-09,7.2823
2023-11-12,7.1818
2023-11-13,7.289
2023-11-14,7.2521
2023-11-15,7.2458
2023-11-16,7.241
2023-11-19,7.2097
2023-11-20,7.1675
2023-11-21,7.0869
2023-11-22,7.1542
2023-11-23,7.0858
2023-11-26,7.0819
2023-11-27,7.1303
2023-11-28,7.0638
2023-11-29,7.0789
2023-11-30,7.0754
2023-12-03,7.0618
2023-12-04,7.1352
2023-12-05,7.1456
2023-12-06,7.1446
2023-12-07,7.1488
2023-12-10,7.1266
2023-12-11,7.1742
2023-12-12,7.176
2023-12-13,7.1717
2023-12-14,7.067
2023-12-17,7.0705
2023-12-18,7.132
2023-12-19,7.0676
2023-12-20,7.1341
2023-12-21,7.1385
2023-12-24,7.0833
2023-12-25,7.1355
2023-12-26,7.1424
2023-12-27,7.1402
2023-12-28,7.107
2023-12-31,7.0686
2024-01-01,7.0686
2024-01-02,7.0896
2024-01-03,7.0989
2024-01-04,7.11
2024-01-07,7.0925
2024-01-08,7.09
2024-01-09,7.1016
2024-01-10,7.1704
2024-01-11,7.1031
2024-01-14,7.1006
2024-01-15,7.097
2024-01-16,7.1165
2024-01-17,7.1145
2024-01-18,7.115
2024-01-21,7.1071
2024-01-22,7.1927
2024-01-23,7.0776
2024-01-24,7.082
2024-01-25,7.0811
2024-01-28,7.0866
2024-01-29,7.0845
2024-01-30,7.0941
2024-01-31,7.1007
2024-02-01,7.0885
2024-02-04,7.1126
2024-02-05,7.1085
2024-02-06,7.1001
2024-02-07,7.1011
2024-02-08,7.107
2024-02-11,7.179
2024-02-12,7.1922
2024-02-13,7.1887
2024-02-14,7.1759
2024-02-15,7.1639
2024-02-18,7.1186
2024-02-19,7.1972
2024-02-20,7.1897
2024-02-21,7.1881
2024-02-22,7.1933
2024-02-25,7.1944
2024-02-26,7.1963
2024-02-27,7.1974
2024-02-28,7.196
2024-02-29,7.1872
2024-03-03,7.1958
2024-03-04,7.1989
2024-03-05,7.196
2024-03-06,7.1959
2024-03-07,7.1923
2024-03-10,7.1852
2024-03-11,7.1838
2024-03-12,7.181
2024-03-13,7.1866
2024-03-14,7.1922
2024-03-17,7.195
2024-03-18,7.1972
2024-03-19,7.198
2024-03-20,7.1976
2024-03-21,7.1982
2024-03-24,7.2281
2024-03-25,7.2084
2024-03-26,7.2177
2024-03-27,7.2258
2024-03-28,7.2265
2024-03-31,7.2203
2024-04-01,7.2297
2024-04-02,7.2324
2024-04-03,7.2344
2024-04-04,7.2339
2024-04-07,7.2314
2024-04-08,7.2297
2024-04-09,7.2307
2024-04-10,7.2315
2024-04-11,7.2359
2024-04-14,7.2356
2024-04-15,7.237
2024-04-16,7.2362
2024-04-17,7.2374
2024-04-18,7.2367
2024-04-21,7.2394
2024-04-22,7.2425
2024-04-23,7.2445
2024-04-24,7.2442
2024-04-25,7.2386
2024-04-28,7.2446
2024-04-29,7.2377
2024-04-30,7.2407
2024-05-01,7.2399
2024-05-02,7.2384
2024-05-05,7.2362
2024-05-06,7.208
2024-05-07,7.2184
2024-05-08,7.2238
2024-05-09,7.2187
2024-05-12,7.2258
2024-05-13,7.2323
2024-05-14,7.2323
2024-05-15,7.2177
2024-05-16,7.217
2024-05-19,7.2227
2024-05-20,7.2317
2024-05-21,7.2376
2024-05-22,7.2403
2024-05-23,7.2415
2024-05-26,7.2415
2024-05-27,7.2415
2024-05-28,7.245
2024-05-29,7.2494
2024-05-30,7.2335
2024-06-02,7.241
2024-06-03,7.242
2024-06-04,7.242
2024-06-05,7.2467
2024-06-06,7.2441
2024-06-09,7.2468
2024-06-10,7.2468
2024-06-11,7.2467
2024-06-12,7.2381
2024-06-13,7.2516
2024-06-16,7.2543
2024-06-17,7.255
2024-06-18,7.2527
2024-06-19,7.2563
2024-06-20,7.2591
2024-06-23,7.2592
2024-06-24,7.2577
2024-06-25,7.2614
2024-06-26,7.2635
2024-06-27,7.2672
2024-06-30,7.2658
2024-07-01,7.2669
2024-07-02,7.2694
2024-07-03,7.2686
2024-07-04,7.2658
2024-07-07,7.2678
2024-07-08,7.2671
2024-07-09,7.2717
2024-07-10,7.2745
2024-07-11,7.2548
2024-07-14,7.2494
2024-07-15,7.2589
2024-07-16,7.1379
2024-07-17,7.2594
2024-07-18,7.2589
2024-07-21,7.269
2024-07-22,7.2727
2024-07-23,7.2743
2024-07-24,7.2612
2024-07-25,7.2301
2024-07-28,7.2501
2024-07-29,7.2583
2024-07-30,7.2507
2024-07-31,7.2172
2024-08-01,7.2428
2024-08-04,7.1572
2024-08-05,7.1202
2024-08-06,7.1563
2024-08-07,7.1803
2024-08-08,7.1737
2024-08-11,7.1663
2024-08-12,7.174
2024-08-13,7.1529
2024-08-14,7.1373
2024-08-15,7.1734
2024-08-18,7.164
2024-08-19,7.1405
2024-08-20,7.132
2024-08-21,7.1318
2024-08-22,7.1444
2024-08-25,7.124
2024-08-26,7.1181
2024-08-27,7.1231
2024-08-28,7.1243
2024-08-29,7.0955
2024-09-01,7.0921
2024-09-02,7.1166
2024-09-03,7.1204
2024-09-04,7.1119
2024-09-05,7.0913
2024-09-08,7.0879
2024-09-09,7.1136
2024-09-10,7.1208
2024-09-11,7.1197
2024-09-12,7.1166
2024-09-15,7.0927
2024-09-16,7.0925
2024-09-17,7.0925
2024-09-18,7.081
2024-09-19,7.067
2024-09-22,7.0509
2024-09-23,7.0513
2024-09-24,7.0302
2024-09-25,7.0323
2024-09-26,7.009
2024-09-29,7.0103
2024-09-30,7.0175
2024-10-01,7.0304
2024-10-02,7.0377
2024-10-03,7.0451
2024-10-06,7.0175
2024-10-07,7.0191
2024-10-08,7.0578
2024-10-09,7.0801
2024-10-10,7.0801
2024-10-13,7.0652
2024-10-14,7.0872
2024-10-15,7.1178
2024-10-16,7.1184
2024-10-17,7.123
2024-10-20,7.1008
2024-10-21,7.118
2024-10-22,7.1217
2024-10-23,7.1253
2024-10-24,7.1187
2024-10-27,7.1201
2024-10-28,7.1275
2024-10-29,7.1301
2024-10-30,7.1148
2024-10-31,7.1185
2024-11-03,7.1217
2024-11-04,7.0978
2024-11-05,7.1022
2024-11-06,7.1753
2024-11-07,7.1598
