datetime,open,close,high,low,volume,amount,MACD_15m,MACD_15m_Signal,MACD_15m_Hist,KDJ_15m_K,KDJ_15m_D,KDJ_15m_J,RSI_15m_6,RSI_15m_12,RSI_15m_24,ma5_15m,ma10_15m,ma20_15m
2025-03-13 09:45:00,46.74,46.27,46.77,46.17,22055.0,102383861.0,0.0,0.0,0.0,50.0,50.0,50.0,50.0,50.0,50.0,,,
2025-03-13 10:00:00,46.25,46.21,46.33,46.1,17829.0,82386369.0,-0.005,-0.001,-0.008,38.81,46.27,23.88,50.0,50.0,50.0,,,
2025-03-13 10:15:00,46.15,46.41,46.68,46.11,13006.0,60422538.0,0.007,0.001,0.013,41.29,44.61,34.66,99.01,99.01,99.01,,,
2025-03-13 10:30:00,46.41,46.34,46.43,46.16,8037.0,37161107.0,0.011,0.003,0.017,39.47,42.9,32.61,74.07,74.07,74.07,,,
2025-03-13 10:45:00,46.35,46.19,46.38,46.1,10098.0,46632700.0,0.002,0.003,-0.001,30.79,38.86,14.65,47.62,47.62,47.62,46.284,,
2025-03-13 11:00:00,46.18,46.26,46.28,46.12,6236.0,28799082.0,0.001,0.002,-0.003,28.49,35.4,14.66,55.1,55.1,55.1,46.282,,
2025-03-13 11:15:00,46.25,46.04,46.25,46.0,11474.0,52883016.0,-0.018,-0.002,-0.032,20.72,30.51,1.15,38.03,38.03,38.03,46.248,,
2025-03-13 11:30:00,46.05,45.97,46.1,45.88,12030.0,55327431.0,-0.038,-0.009,-0.058,17.19,26.07,0.0,34.01,34.62,34.62,46.16,,
2025-03-13 13:15:00,45.99,45.77,45.99,45.7,16247.0,74475006.0,-0.069,-0.021,-0.096,13.64,21.93,0.0,24.95,27.55,27.55,46.046,,
2025-03-13 13:30:00,45.78,45.7,45.79,45.5,16998.0,77534182.0,-0.098,-0.036,-0.124,14.74,19.53,5.16,22.44,25.71,25.71,45.948,46.116,
2025-03-13 13:45:00,45.67,45.61,45.7,45.4,13442.0,61190568.0,-0.127,-0.055,-0.146,15.3,18.12,9.65,19.43,23.68,23.68,45.818,46.05,
2025-03-13 14:00:00,45.58,45.54,45.69,45.5,8155.0,37174407.0,-0.154,-0.075,-0.159,14.73,16.99,10.21,17.27,22.31,22.31,45.718,45.983,
2025-03-13 14:15:00,45.51,45.68,45.69,45.45,5684.0,25872430.0,-0.162,-0.092,-0.14,19.34,17.77,22.48,34.72,30.37,30.37,45.66,45.91,
2025-03-13 14:30:00,45.68,45.87,45.87,45.61,6487.0,29660845.0,-0.152,-0.104,-0.095,30.7,22.08,47.93,51.41,39.64,38.96,45.68,45.863,
2025-03-13 14:45:00,45.88,45.91,46.02,45.83,8569.0,39352373.0,-0.138,-0.111,-0.055,40.47,28.21,64.98,54.36,41.43,40.51,45.722,45.835,
2025-03-13 15:00:00,45.91,45.71,45.95,45.7,10386.0,47550048.0,-0.142,-0.117,-0.05,41.74,32.72,59.78,39.85,35.66,35.96,45.742,45.78,
2025-03-14 09:45:00,45.2,45.71,45.95,45.2,20903.0,95416442.0,-0.144,-0.123,-0.043,48.56,38.0,69.68,50.0,50.0,50.0,45.776,45.747,
2025-03-14 10:00:00,45.71,45.91,46.09,45.43,16069.0,73642485.0,-0.128,-0.124,-0.008,58.96,44.99,86.92,56.55,44.81,42.42,45.822,45.741,
2025-03-14 10:15:00,45.95,45.97,46.01,45.8,8107.0,37210699.0,-0.108,-0.121,0.024,68.15,52.71,99.03,60.5,47.26,44.12,45.842,45.761,
2025-03-14 10:30:00,45.98,46.0,46.18,45.98,16840.0,77553647.0,-0.09,-0.114,0.049,72.64,59.35,99.22,62.54,48.51,44.93,45.86,45.791,45.954
2025-03-14 10:45:00,46.0,45.99,46.14,45.92,7119.0,32771944.0,-0.075,-0.107,0.063,75.3,64.67,96.56,61.27,48.09,44.71,45.916,45.829,45.939
2025-03-14 11:00:00,46.01,46.05,46.1,45.91,5520.0,25391743.0,-0.058,-0.097,0.078,79.11,69.48,98.37,66.2,50.84,46.26,45.984,45.88,45.932
2025-03-14 11:15:00,46.05,46.42,46.47,46.05,18281.0,84668768.0,-0.014,-0.08,0.132,84.76,74.58,100.0,82.6,63.75,54.18,46.086,45.954,45.932
2025-03-14 11:30:00,46.42,46.46,46.65,46.35,15376.0,71499373.0,0.023,-0.059,0.166,85.47,78.21,100.0,83.63,64.84,54.9,46.184,46.013,45.938
2025-03-14 13:15:00,46.47,46.41,46.58,46.4,10480.0,48708102.0,0.049,-0.038,0.173,84.8,80.4,93.59,76.81,62.28,53.85,46.266,46.063,45.949
2025-03-14 13:30:00,46.41,46.41,46.58,46.38,9129.0,42421383.0,0.068,-0.017,0.169,83.31,81.37,87.18,50.0,50.0,50.0,46.35,46.133,45.956
2025-03-14 13:45:00,46.42,46.5,46.65,46.4,8997.0,41864017.0,0.089,0.004,0.17,82.99,81.91,85.15,80.85,65.22,55.52,46.44,46.212,45.979
2025-03-14 14:00:00,46.5,46.65,46.67,46.5,13110.0,61096304.0,0.117,0.027,0.18,87.78,83.87,95.61,85.81,69.52,58.17,46.486,46.286,46.014
2025-03-14 14:15:00,46.65,46.54,46.67,46.46,8295.0,38641682.0,0.129,0.047,0.163,86.15,84.63,89.2,69.89,63.26,55.64,46.502,46.343,46.052
2025-03-14 14:30:00,46.55,46.62,46.63,46.51,5925.0,27594818.0,0.143,0.066,0.153,88.58,85.95,93.84,74.09,65.71,57.05,46.544,46.405,46.098
2025-03-14 14:45:00,46.61,46.58,46.62,46.56,6317.0,29431634.0,0.149,0.083,0.132,87.55,86.48,89.68,68.37,63.4,56.12,46.578,46.464,46.146
2025-03-14 15:00:00,46.59,46.6,46.62,46.57,15679.0,73068735.0,0.154,0.097,0.113,84.41,85.79,81.64,69.77,64.09,56.49,46.598,46.519,46.199
2025-03-17 09:45:00,47.02,47.25,47.66,47.0,45852.0,216893396.0,0.207,0.119,0.177,78.93,83.5,69.78,88.91,78.45,66.21,46.718,46.602,46.278
2025-03-17 10:00:00,47.25,47.49,47.77,47.11,27856.0,132247704.0,0.266,0.149,0.236,79.24,82.08,73.55,91.34,81.44,68.89,46.908,46.705,46.359
2025-03-17 10:15:00,47.43,47.49,47.56,47.38,12125.0,57558264.0,0.309,0.181,0.257,79.34,81.17,75.7,50.0,50.0,50.0,47.082,46.813,46.438
2025-03-17 10:30:00,47.5,47.53,47.63,47.47,8758.0,41653612.0,0.343,0.213,0.26,80.12,80.82,78.73,91.77,81.94,69.33,47.272,46.925,46.529
2025-03-17 10:45:00,47.53,47.44,47.56,47.38,6558.0,31121673.0,0.358,0.242,0.232,78.35,80.0,75.06,80.87,76.88,67.09,47.44,47.019,46.616
2025-03-17 11:00:00,47.45,47.28,47.45,47.18,8819.0,41691421.0,0.353,0.264,0.177,72.6,77.53,62.75,64.51,68.67,63.31,47.446,47.082,46.684
2025-03-17 11:15:00,47.29,47.16,47.39,47.14,4110.0,19424278.0,0.336,0.279,0.114,64.93,73.33,48.13,54.58,63.15,60.64,47.38,47.144,46.744
2025-03-17 11:30:00,47.16,47.18,47.21,47.13,3326.0,15685640.0,0.32,0.287,0.066,60.23,68.97,42.77,55.93,63.68,60.92,47.318,47.2,46.802
2025-03-17 13:15:00,47.18,47.03,47.19,47.03,6761.0,31845665.0,0.292,0.288,0.008,41.45,59.8,4.77,44.08,56.97,57.63,47.218,47.245,46.854
2025-03-17 13:30:00,47.03,47.05,47.05,47.0,4851.0,22810835.0,0.268,0.284,-0.032,29.8,49.8,0.0,45.92,57.62,57.95,47.14,47.29,46.904
2025-03-17 13:45:00,47.06,47.06,47.16,47.05,3746.0,17642724.0,0.247,0.276,-0.059,23.04,40.88,0.0,46.96,57.96,58.11,47.096,47.271,46.936
2025-03-17 14:00:00,47.06,47.02,47.12,47.02,3708.0,17445524.0,0.225,0.266,-0.083,16.42,32.73,0.0,42.98,55.97,57.19,47.068,47.224,46.964
2025-03-17 14:15:00,47.01,47.04,47.08,47.0,4977.0,23406866.0,0.206,0.254,-0.096,13.33,26.26,0.0,45.74,56.78,57.54,47.04,47.179,46.996
2025-03-17 14:30:00,47.04,46.92,47.04,46.88,8376.0,39346803.0,0.18,0.239,-0.119,11.22,21.25,0.0,33.92,50.66,54.72,47.018,47.118,47.022
2025-03-17 14:45:00,46.92,46.79,46.96,46.68,11175.0,52332067.0,0.147,0.221,-0.148,12.65,18.38,1.18,25.39,44.95,51.84,46.966,47.053,47.036
2025-03-17 15:00:00,46.78,46.81,46.87,46.78,13206.0,61831035.0,0.121,0.201,-0.16,16.61,17.79,14.24,28.7,45.97,52.24,46.916,47.006,47.044
2025-03-18 09:45:00,47.01,47.3,47.34,46.75,24310.0,114295799.0,0.138,0.188,-0.1,42.38,25.99,75.18,69.06,63.91,60.66,46.972,47.02,47.082
2025-03-18 10:00:00,47.34,47.21,47.4,47.18,18060.0,85409824.0,0.143,0.179,-0.073,52.79,34.92,88.53,61.4,59.92,58.68,47.006,47.023,47.112
2025-03-18 10:15:00,47.21,47.12,47.31,47.03,7834.0,36961053.0,0.138,0.171,-0.066,55.57,41.8,83.09,54.19,56.1,56.74,47.046,47.032,47.139
2025-03-18 10:30:00,47.11,47.03,47.15,47.0,5253.0,24715556.0,0.125,0.162,-0.073,53.25,45.62,68.51,47.49,52.46,54.86,47.094,47.03,47.16
2025-03-18 10:45:00,47.03,46.92,47.03,46.88,5612.0,26339518.0,0.105,0.15,-0.091,46.61,45.95,47.93,40.21,48.27,52.62,47.116,47.016,47.144
2025-03-18 11:00:00,46.92,46.9,46.95,46.81,4131.0,19365181.0,0.086,0.138,-0.102,41.26,44.39,35.0,38.9,47.52,52.22,47.036,47.004,47.114
2025-03-18 11:15:00,46.88,46.83,46.88,46.71,6209.0,29051570.0,0.065,0.123,-0.116,34.45,41.07,21.2,34.25,44.86,50.8,46.96,46.983,47.081
2025-03-18 11:30:00,46.84,46.86,46.93,46.83,2194.0,10286724.0,0.05,0.109,-0.116,30.21,37.45,15.73,38.06,46.27,51.39,46.908,46.977,47.048
2025-03-18 13:15:00,46.92,46.73,46.92,46.7,6275.0,29342259.0,0.028,0.092,-0.129,21.57,32.16,0.39,29.24,41.28,48.74,46.848,46.971,47.012
2025-03-18 13:30:00,46.73,46.88,46.89,46.72,3577.0,16727440.0,0.022,0.078,-0.113,22.95,29.09,10.68,46.43,48.3,51.74,46.84,46.978,46.992
2025-03-18 13:45:00,46.87,46.72,46.87,46.71,4750.0,22213536.0,0.004,0.063,-0.119,16.39,24.86,0.0,35.42,42.4,48.58,46.804,46.92,46.97
2025-03-18 14:00:00,46.72,46.77,46.89,46.72,4966.0,23248819.0,-0.006,0.049,-0.111,16.11,21.94,4.46,40.69,44.7,49.58,46.792,46.876,46.95
2025-03-18 14:15:00,46.79,46.78,46.79,46.66,8736.0,40809879.0,-0.013,0.037,-0.1,21.55,21.81,21.03,41.83,45.18,49.79,46.776,46.842,46.937
2025-03-18 14:30:00,46.78,46.98,47.05,46.71,6523.0,30587536.0,-0.002,0.029,-0.063,41.72,28.45,68.26,60.2,53.88,53.71,46.826,46.837,46.934
2025-03-18 14:45:00,47.0,46.91,47.03,46.9,4898.0,22995970.0,0.0,0.023,-0.046,49.18,35.36,76.82,53.15,50.8,52.22,46.832,46.836,46.926
2025-03-18 15:00:00,46.89,46.89,46.94,46.83,8184.0,38378772.0,0.001,0.019,-0.036,52.45,41.05,75.23,51.1,49.91,51.79,46.866,46.835,46.92
2025-03-19 09:45:00,46.8,46.58,46.81,46.49,13445.0,62627360.0,-0.023,0.01,-0.067,40.32,40.81,39.34,29.75,38.52,45.73,46.828,46.81,46.896
2025-03-19 10:00:00,46.56,46.24,46.58,46.24,16020.0,74345453.0,-0.069,-0.005,-0.127,26.88,36.17,8.31,19.19,30.26,40.32,46.72,46.748,46.862
2025-03-19 10:15:00,46.22,46.15,46.35,46.15,10456.0,48355038.0,-0.111,-0.027,-0.17,17.92,30.08,0.0,17.25,28.49,39.05,46.554,46.69,46.83
2025-03-19 10:30:00,46.16,46.19,46.3,46.13,7389.0,34136583.0,-0.14,-0.049,-0.182,14.12,24.76,0.0,21.49,30.46,39.93,46.41,46.621,46.799
2025-03-19 10:45:00,46.19,46.31,46.35,46.18,3171.0,14675020.0,-0.151,-0.07,-0.163,15.94,21.82,4.17,33.72,36.2,42.53,46.294,46.58,46.75
2025-03-19 11:00:00,46.31,46.29,46.44,46.27,3598.0,16675925.0,-0.16,-0.088,-0.145,16.42,20.02,9.22,32.7,35.67,42.21,46.236,46.532,46.704
2025-03-19 11:15:00,46.27,46.54,46.57,46.27,4563.0,21188021.0,-0.145,-0.099,-0.092,26.13,22.06,34.28,53.69,46.46,47.34,46.296,46.508,46.675
2025-03-19 11:30:00,46.53,46.4,46.55,46.38,2746.0,12759115.0,-0.143,-0.108,-0.07,28.53,24.22,37.17,44.39,42.14,45.01,46.346,46.45,46.644
2025-03-19 13:15:00,46.39,46.45,46.51,46.28,3444.0,15974996.0,-0.136,-0.114,-0.044,34.71,27.71,48.7,48.23,44.17,46.0,46.398,46.404,46.62
2025-03-19 13:30:00,46.45,46.57,46.65,46.43,6353.0,29574560.0,-0.119,-0.115,-0.008,51.34,35.59,82.85,56.83,48.85,48.33,46.45,46.372,46.604
2025-03-19 13:45:00,46.57,46.35,46.58,46.35,4382.0,20341769.0,-0.122,-0.116,-0.012,48.33,39.84,65.32,41.62,41.83,44.64,46.462,46.349,46.58
2025-03-19 14:00:00,46.35,46.29,46.37,46.21,5300.0,24527521.0,-0.128,-0.118,-0.018,42.48,40.72,46.0,38.27,40.12,43.69,46.412,46.354,46.551
2025-03-19 14:15:00,46.3,46.28,46.39,46.26,2875.0,13313102.0,-0.132,-0.121,-0.021,35.41,38.95,28.33,37.67,39.82,43.53,46.388,46.367,46.528
2025-03-19 14:30:00,46.3,46.26,46.31,46.22,3478.0,16091554.0,-0.135,-0.124,-0.022,27.39,35.1,11.99,36.29,39.19,43.2,46.35,46.374,46.497
2025-03-19 14:45:00,46.29,46.25,46.29,46.16,8055.0,37215193.0,-0.136,-0.126,-0.02,24.39,31.53,10.1,35.5,38.85,43.03,46.286,46.368,46.474
2025-03-19 15:00:00,46.22,46.26,46.27,46.2,8143.0,37650044.0,-0.135,-0.128,-0.014,23.06,28.7,11.77,37.13,39.42,43.26,46.268,46.365,46.448
2025-03-20 09:45:00,46.16,45.97,46.24,45.85,12464.0,57316445.0,-0.156,-0.134,-0.045,20.37,25.93,9.26,19.79,30.47,38.46,46.204,46.308,46.408
2025-03-20 10:00:00,45.97,45.95,46.06,45.85,8856.0,40677649.0,-0.172,-0.141,-0.062,17.75,23.2,6.84,19.06,29.96,38.16,46.138,46.263,46.356
2025-03-20 10:15:00,45.95,46.31,46.45,45.95,8870.0,41002350.0,-0.154,-0.144,-0.02,32.84,26.41,45.68,55.12,47.33,46.17,46.148,46.249,46.326
2025-03-20 10:30:00,46.32,46.1,46.35,46.07,5797.0,26793935.0,-0.155,-0.146,-0.018,35.78,29.54,48.27,42.02,40.88,42.79,46.118,46.202,46.287
2025-03-20 10:45:00,46.12,46.28,46.33,46.08,5955.0,27503145.0,-0.139,-0.145,0.011,47.74,35.6,72.02,53.41,47.56,46.3,46.122,46.195,46.272
2025-03-20 11:00:00,46.28,46.2,46.28,46.14,3327.0,15370703.0,-0.132,-0.142,0.02,51.27,40.83,72.16,48.34,45.09,45.02,46.168,46.186,46.27
2025-03-20 11:15:00,46.2,46.2,46.25,46.13,2234.0,10315750.0,-0.125,-0.139,0.028,53.63,45.09,70.69,50.0,50.0,50.0,46.218,46.178,46.272
2025-03-20 11:30:00,46.21,46.25,46.31,46.16,2668.0,12335141.0,-0.114,-0.134,0.04,57.97,49.39,75.15,52.41,47.13,46.04,46.206,46.177,46.276
2025-03-20 13:15:00,46.26,46.22,46.28,46.16,2898.0,13387372.0,-0.106,-0.128,0.044,59.2,52.66,72.29,49.6,46.01,45.51,46.23,46.174,46.271
2025-03-20 13:30:00,46.22,46.11,46.23,46.1,3660.0,16888324.0,-0.108,-0.124,0.033,53.91,53.08,55.59,40.13,42.02,43.6,46.196,46.159,46.262
2025-03-20 13:45:00,46.11,46.02,46.11,45.92,7888.0,36274178.0,-0.115,-0.122,0.015,42.23,49.46,27.77,33.8,38.99,42.1,46.16,46.164,46.236
2025-03-20 14:00:00,46.02,46.0,46.12,45.95,3854.0,17733897.0,-0.121,-0.122,0.002,34.36,44.43,14.21,32.44,38.32,41.76,46.12,46.169,46.216
2025-03-20 14:15:00,45.99,46.01,46.05,45.9,3893.0,17885395.0,-0.123,-0.122,-0.002,31.43,40.1,14.1,34.03,38.9,42.0,46.072,46.139,46.194
2025-03-20 14:30:00,46.0,45.92,46.11,45.9,4796.0,22045289.0,-0.131,-0.124,-0.014,22.58,34.26,0.0,27.11,35.65,40.43,46.012,46.121,46.162
2025-03-20 14:45:00,45.91,45.85,46.01,45.81,9659.0,44316362.0,-0.141,-0.128,-0.027,17.72,28.74,0.0,22.78,33.3,39.24,45.96,46.078,46.136
2025-03-20 15:00:00,45.86,45.79,45.87,45.78,14528.0,66559820.0,-0.152,-0.133,-0.04,12.44,23.31,0.0,19.57,31.36,38.24,45.914,46.037,46.112
2025-03-21 09:45:00,45.55,45.77,45.85,45.35,18081.0,82402598.0,-0.161,-0.138,-0.046,23.35,23.32,23.4,18.52,30.71,37.9,45.868,45.994,46.086
2025-03-21 10:00:00,45.81,45.42,45.87,45.38,10374.0,47228576.0,-0.194,-0.149,-0.089,18.22,21.62,11.41,8.73,22.01,32.63,45.75,45.911,46.044
2025-03-21 10:15:00,45.43,45.38,45.49,45.37,11078.0,50331681.0,-0.22,-0.164,-0.114,13.44,18.9,2.54,8.14,21.26,32.1,45.642,45.827,46.0
2025-03-21 10:30:00,45.38,45.01,45.38,45.0,16917.0,76442523.0,-0.268,-0.185,-0.168,9.26,15.68,0.0,4.65,15.81,27.74,45.474,45.717,45.938
2025-03-21 10:45:00,45.01,45.12,45.15,45.01,8882.0,40037267.0,-0.294,-0.206,-0.175,9.78,13.71,1.9,17.3,22.27,30.66,45.34,45.627,45.896
2025-03-21 11:00:00,45.12,45.02,45.17,45.01,6471.0,29171749.0,-0.319,-0.229,-0.18,7.12,11.52,0.0,15.11,20.69,29.53,45.19,45.529,45.849
2025-03-21 11:15:00,45.01,45.08,45.13,45.0,7148.0,32190024.0,-0.33,-0.249,-0.161,7.39,10.14,1.88,22.19,24.2,31.12,45.122,45.436,45.788
2025-03-21 11:30:00,45.07,44.62,45.08,44.58,21496.0,96447160.0,-0.371,-0.274,-0.196,5.96,8.75,0.38,12.56,17.67,26.35,44.97,45.306,45.713
2025-03-21 13:15:00,44.63,44.2,44.73,44.2,17184.0,76331308.0,-0.433,-0.305,-0.255,3.97,7.15,0.0,8.51,13.92,23.0,44.808,45.141,45.61
2025-03-21 13:30:00,44.2,44.25,44.4,44.15,12732.0,56341360.0,-0.473,-0.339,-0.268,4.59,6.3,1.16,12.54,16.23,24.2,44.634,44.987,45.512
2025-03-21 13:45:00,44.26,44.22,44.34,44.21,5675.0,25120760.0,-0.501,-0.371,-0.259,4.8,5.8,2.8,12.15,15.95,23.96,44.474,44.832,45.413
2025-03-21 14:00:00,44.22,44.18,44.28,44.1,9612.0,42462888.0,-0.52,-0.401,-0.238,5.28,5.63,4.59,11.58,15.56,23.64,44.294,44.708,45.31
2025-03-21 14:15:00,44.18,44.23,44.38,44.01,8664.0,38281848.0,-0.525,-0.426,-0.199,9.84,7.03,15.47,17.39,18.28,24.94,44.216,44.593,45.21
2025-03-21 14:30:00,44.22,44.32,44.4,44.17,5767.0,25551171.0,-0.516,-0.444,-0.145,15.47,9.84,26.72,27.65,23.15,27.27,44.24,44.524,45.121
2025-03-21 14:45:00,44.32,44.43,44.48,44.32,9263.0,41155058.0,-0.495,-0.454,-0.081,22.81,14.17,40.11,38.8,28.81,30.03,44.276,44.455,45.041
2025-03-21 15:00:00,44.42,44.25,44.43,44.25,14043.0,62207328.0,-0.486,-0.461,-0.051,22.69,17.01,34.04,29.79,25.46,28.2,44.282,44.378,44.954
2025-03-24 09:45:00,44.05,44.18,44.48,44.05,14140.0,62627086.0,-0.48,-0.464,-0.031,22.99,19.0,30.98,26.87,24.27,27.52,44.282,44.288,44.862
2025-03-24 10:00:00,44.16,44.0,44.16,43.85,13937.0,61310796.0,-0.484,-0.468,-0.031,23.27,20.42,28.95,20.64,21.44,25.85,44.236,44.226,44.766
2025-03-24 10:15:00,44.0,44.05,44.07,43.86,8636.0,37948024.0,-0.477,-0.47,-0.014,26.09,22.31,33.65,26.34,24.12,27.13,44.182,44.211,44.676
2025-03-24 10:30:00,44.07,44.09,44.14,44.02,4084.0,18002922.0,-0.463,-0.469,0.011,30.09,24.91,40.47,31.08,26.31,28.17,44.114,44.195,44.591
2025-03-24 10:45:00,44.07,43.93,44.12,43.91,4732.0,20831201.0,-0.46,-0.467,0.014,24.3,24.7,23.48,23.74,23.37,26.59,44.05,44.166,44.499
2025-03-24 11:00:00,43.93,43.76,43.96,43.76,7464.0,32739392.0,-0.466,-0.467,0.002,16.2,21.87,4.86,18.25,20.68,25.03,43.966,44.124,44.416
2025-03-24 11:15:00,43.76,43.81,43.85,43.75,4452.0,19497165.0,-0.461,-0.466,0.009,13.54,19.09,2.43,24.42,23.5,26.35,43.928,44.082,44.338
2025-03-24 11:30:00,43.82,43.84,43.87,43.78,3828.0,16771330.0,-0.45,-0.462,0.025,13.13,17.11,5.19,28.32,25.24,27.16,43.886,44.034,44.279
2025-03-24 13:15:00,43.84,43.8,43.88,43.69,9109.0,39876209.0,-0.439,-0.458,0.038,13.4,15.87,8.45,26.16,24.43,26.75,43.828,43.971,44.213
2025-03-24 13:30:00,43.8,43.3,43.82,43.28,16329.0,71027517.0,-0.465,-0.459,-0.012,9.69,13.81,1.45,12.2,17.01,22.38,43.702,43.876,44.127
2025-03-24 13:45:00,43.3,43.09,43.49,43.05,13768.0,59555149.0,-0.497,-0.467,-0.061,7.68,11.77,0.0,9.62,14.93,20.88,43.568,43.767,44.028
2025-03-24 14:00:00,43.09,43.07,43.12,43.0,12760.0,54919309.0,-0.518,-0.477,-0.083,7.17,10.23,1.04,9.39,14.74,20.74,43.42,43.674,43.95
2025-03-24 14:15:00,43.06,42.76,43.06,42.7,18331.0,78572501.0,-0.554,-0.492,-0.123,6.19,8.89,0.79,6.52,12.17,18.74,43.204,43.545,43.878
2025-03-24 14:30:00,42.77,43.22,43.22,42.72,7644.0,32790046.0,-0.538,-0.502,-0.074,17.88,11.88,29.88,39.45,31.55,29.3,43.088,43.458,43.826
2025-03-24 14:45:00,43.22,43.65,43.73,43.22,12582.0,54785358.0,-0.486,-0.499,0.025,38.76,20.84,74.59,56.6,44.12,37.26,43.158,43.43,43.798
2025-03-24 15:00:00,43.63,43.97,44.0,43.59,10961.0,48093203.0,-0.414,-0.482,0.135,58.4,33.36,100.0,65.36,51.37,42.3,43.334,43.451,43.788
2025-03-25 09:45:00,43.98,43.78,44.09,43.66,13032.0,57205314.0,-0.368,-0.459,0.182,64.83,43.85,100.0,57.14,47.39,40.29,43.476,43.448,43.765
2025-03-25 10:00:00,43.79,43.8,43.95,43.7,7516.0,32963630.0,-0.326,-0.432,0.213,69.6,52.44,100.0,57.81,47.85,40.6,43.684,43.444,43.739
2025-03-25 10:15:00,43.8,43.57,43.91,43.53,7085.0,30944056.0,-0.308,-0.407,0.199,67.26,57.38,87.04,47.55,43.08,38.22,43.754,43.421,43.696
2025-03-25 10:30:00,43.56,43.53,43.65,43.5,4880.0,21257367.0,-0.293,-0.384,0.183,64.75,59.83,74.57,45.85,42.28,37.82,43.73,43.444,43.66
2025-03-25 10:45:00,43.51,43.62,43.65,43.5,4863.0,21171841.0,-0.271,-0.362,0.181,65.23,61.63,72.42,50.62,44.8,39.32,43.66,43.497,43.632
2025-03-25 11:00:00,43.62,43.49,43.62,43.44,3464.0,15069217.0,-0.261,-0.342,0.161,62.22,61.83,63.0,43.92,41.92,37.94,43.602,43.539,43.606
2025-03-25 11:15:00,43.46,43.63,43.64,43.45,2717.0,11827163.0,-0.239,-0.321,0.164,57.19,60.28,51.0,52.11,46.0,40.29,43.568,43.626,43.586
2025-03-25 11:30:00,43.63,43.41,43.64,43.37,4463.0,19386946.0,-0.237,-0.304,0.135,39.98,53.51,12.91,40.86,41.06,37.94,43.536,43.645,43.552
2025-03-25 13:15:00,43.44,43.75,43.8,43.4,4501.0,19633216.0,-0.205,-0.285,0.158,44.24,50.42,31.89,57.77,50.09,43.29,43.58,43.655,43.543
2025-03-25 13:30:00,43.75,43.81,43.83,43.67,3776.0,16518775.0,-0.173,-0.262,0.178,54.78,51.88,60.6,60.18,51.52,44.17,43.618,43.639,43.545
2025-03-25 13:45:00,43.82,43.71,43.93,43.71,4558.0,19979758.0,-0.154,-0.241,0.173,56.76,53.5,63.27,54.01,48.97,43.0,43.662,43.632,43.54
2025-03-25 14:00:00,43.71,43.56,43.79,43.56,2609.0,11390774.0,-0.15,-0.223,0.146,49.15,52.05,43.34,45.6,45.3,41.29,43.648,43.608,43.526
2025-03-25 14:15:00,43.56,43.48,43.58,43.48,3109.0,13533644.0,-0.151,-0.208,0.115,39.31,47.81,22.33,41.47,43.4,40.4,43.662,43.599,43.51
2025-03-25 14:30:00,43.48,43.51,43.65,43.47,2800.0,12198612.0,-0.147,-0.196,0.097,34.54,43.39,16.86,43.76,44.36,40.9,43.614,43.597,43.52
2025-03-25 14:45:00,43.51,43.4,43.6,43.39,5257.0,22850813.0,-0.152,-0.187,0.071,24.81,37.2,0.05,37.33,41.56,39.63,43.532,43.575,43.536
2025-03-25 15:00:00,43.41,43.47,43.49,43.35,9068.0,39376010.0,-0.148,-0.179,0.063,23.44,32.61,5.1,43.65,44.01,40.85,43.484,43.573,43.556
2025-03-26 09:45:00,43.45,43.75,43.85,43.45,12206.0,53357064.0,-0.121,-0.168,0.093,38.61,34.61,46.62,62.05,52.67,45.46,43.522,43.585,43.606
2025-03-26 10:00:00,43.75,43.82,43.85,43.7,8910.0,39003074.0,-0.093,-0.153,0.12,52.75,40.66,76.95,65.43,54.58,46.55,43.59,43.626,43.636
2025-03-26 10:15:00,43.83,43.57,43.83,43.52,5179.0,22627692.0,-0.09,-0.14,0.101,47.81,43.04,57.35,47.34,47.15,43.33,43.602,43.608,43.632
2025-03-26 10:30:00,43.57,43.63,43.67,43.54,3823.0,16670548.0,-0.082,-0.128,0.094,50.54,45.54,60.54,51.22,48.97,44.29,43.648,43.59,43.614
2025-03-26 10:45:00,43.63,43.6,43.7,43.58,2303.0,10054112.0,-0.077,-0.118,0.083,50.36,47.15,56.79,49.05,48.07,43.9,43.674,43.579,43.606
2025-03-26 11:00:00,43.64,43.68,43.73,43.59,3031.0,13235720.0,-0.065,-0.108,0.084,55.57,49.96,66.81,55.14,50.71,45.24,43.66,43.591,43.6
2025-03-26 11:15:00,43.68,43.6,43.68,43.55,3199.0,13949359.0,-0.062,-0.098,0.072,53.72,51.21,58.73,48.22,48.04,44.14,43.616,43.603,43.601
2025-03-26 11:30:00,43.62,43.62,43.75,43.55,2533.0,11055220.0,-0.057,-0.09,0.066,53.81,52.08,57.28,50.1,48.78,44.5,43.626,43.614,43.605
2025-03-26 13:15:00,43.63,43.55,43.64,43.51,3484.0,15182517.0,-0.059,-0.084,0.051,44.21,49.45,33.71,43.48,46.28,43.49,43.61,43.629,43.602
2025-03-26 13:30:00,43.55,43.46,43.57,43.41,5201.0,22621522.0,-0.066,-0.08,0.029,33.26,44.06,11.67,36.12,43.18,42.22,43.582,43.628,43.6
2025-03-26 13:45:00,43.46,43.32,43.47,43.31,4732.0,20536265.0,-0.082,-0.081,-0.003,22.81,36.98,0.0,27.45,38.77,40.3,43.51,43.585,43.585
2025-03-26 14:00:00,43.32,43.4,43.42,43.31,3532.0,15316935.0,-0.088,-0.082,-0.011,22.03,31.99,2.1,37.7,42.43,41.87,43.47,43.543,43.584
2025-03-26 14:15:00,43.4,43.49,43.59,43.4,3643.0,15851441.0,-0.084,-0.083,-0.003,28.32,30.77,23.43,47.69,46.37,43.62,43.444,43.535,43.572
2025-03-26 14:30:00,43.51,43.45,43.51,43.44,2570.0,11170897.0,-0.083,-0.083,-0.001,29.49,30.34,27.78,43.93,44.88,43.02,43.424,43.517,43.554
2025-03-26 14:45:00,43.45,43.42,43.47,43.36,3563.0,15465824.0,-0.084,-0.083,-0.002,27.99,29.56,24.86,41.03,43.73,42.56,43.416,43.499,43.539
2025-03-26 15:00:00,43.43,43.4,43.43,43.37,6247.0,27107588.0,-0.085,-0.083,-0.004,25.48,28.2,20.04,38.96,42.93,42.25,43.432,43.471,43.531
2025-03-27 09:45:00,43.4,43.13,43.46,43.02,10987.0,47485725.0,-0.107,-0.088,-0.037,22.9,26.43,15.84,21.47,33.83,38.29,43.378,43.424,43.514
2025-03-27 10:00:00,43.13,43.41,43.47,43.0,11244.0,48588208.0,-0.1,-0.09,-0.019,38.43,30.43,54.43,49.62,46.63,43.97,43.362,43.403,43.509
2025-03-27 10:15:00,43.41,43.4,43.56,43.31,6610.0,28721359.0,-0.094,-0.091,-0.006,48.22,36.36,71.94,48.87,46.28,43.82,43.352,43.388,43.508
2025-03-27 10:30:00,43.41,43.4,43.43,43.24,3480.0,15091900.0,-0.089,-0.091,0.004,54.75,42.49,79.26,50.0,50.0,50.0,43.348,43.382,43.505
2025-03-27 10:45:00,43.38,43.49,43.49,43.3,4689.0,20371607.0,-0.076,-0.088,0.023,64.18,49.72,93.1,57.25,50.27,45.65,43.366,43.399,43.492
2025-03-27 11:00:00,43.5,43.59,43.73,43.48,8539.0,37246097.0,-0.058,-0.082,0.048,69.73,56.39,96.4,64.92,54.37,47.62,43.458,43.418,43.48
2025-03-27 11:15:00,43.59,43.65,43.65,43.55,2871.0,12516012.0,-0.038,-0.073,0.07,76.17,62.98,100.0,68.93,56.71,48.78,43.506,43.434,43.485
2025-03-27 11:30:00,43.65,43.55,43.65,43.51,2156.0,9387332.0,-0.03,-0.064,0.069,75.89,67.28,93.1,56.1,51.88,46.97,43.536,43.444,43.48
2025-03-27 13:15:00,43.55,43.46,43.57,43.43,2863.0,12451811.0,-0.03,-0.058,0.055,71.6,68.72,77.35,46.71,47.87,45.38,43.548,43.448,43.474
2025-03-27 13:30:00,43.46,43.94,44.2,43.38,21478.0,94200858.0,0.008,-0.044,0.105,73.84,70.43,80.67,74.27,64.03,54.01,43.638,43.502,43.486
2025-03-27 13:45:00,43.95,43.86,43.98,43.8,5865.0,25720836.0,0.032,-0.029,0.122,70.76,70.54,71.19,67.31,60.62,52.57,43.692,43.575,43.5
2025-03-27 14:00:00,43.86,43.75,43.95,43.74,7632.0,33487795.0,0.041,-0.015,0.112,64.88,68.65,57.33,58.29,56.12,50.63,43.712,43.609,43.506
2025-03-27 14:15:00,43.75,44.1,44.4,43.75,23844.0,105300176.0,0.076,0.003,0.145,67.5,68.27,65.95,72.41,65.1,56.02,43.822,43.679,43.534
2025-03-27 14:30:00,44.1,44.33,44.37,44.09,14470.0,64042871.0,0.12,0.026,0.188,76.04,70.86,86.41,78.22,69.56,59.09,43.996,43.772,43.577
2025-03-27 14:45:00,44.33,44.23,44.34,44.16,8926.0,39502755.0,0.146,0.05,0.191,78.47,73.4,88.63,70.47,65.59,57.28,44.054,43.846,43.622
2025-03-27 15:00:00,44.23,44.24,44.24,44.16,14119.0,62412215.0,0.165,0.073,0.184,80.42,75.74,89.78,70.82,65.8,57.41,44.13,43.911,43.665
2025-03-28 09:45:00,44.19,44.33,44.52,43.9,26446.0,116952316.0,0.186,0.096,0.18,81.39,77.62,88.93,74.1,67.76,58.65,44.246,43.979,43.706
2025-03-28 10:00:00,44.33,44.26,44.54,44.19,13031.0,57763301.0,0.194,0.115,0.157,79.55,78.26,82.12,67.06,64.62,57.3,44.278,44.05,43.747
2025-03-28 10:15:00,44.25,44.62,44.7,44.23,11993.0,53285558.0,0.227,0.138,0.178,83.59,80.04,90.69,79.24,71.93,62.0,44.336,44.166,43.807
2025-03-28 10:30:00,44.59,44.41,44.63,44.4,7766.0,34573160.0,0.233,0.157,0.153,78.99,79.69,77.59,62.95,63.57,58.11,44.372,44.213,43.858
2025-03-28 10:45:00,44.41,44.3,44.42,44.2,8726.0,38648100.0,0.227,0.171,0.112,71.96,77.11,61.65,55.74,59.61,56.18,44.384,44.257,43.916
2025-03-28 11:00:00,44.31,44.26,44.31,44.2,3154.0,13956214.0,0.216,0.18,0.073,62.97,72.4,44.12,53.09,58.17,55.48,44.37,44.308,43.958
2025-03-28 11:15:00,44.25,44.18,44.42,44.17,6127.0,27122309.0,0.199,0.184,0.031,53.65,66.15,28.65,47.65,55.26,54.08,44.354,44.316,43.997
2025-03-28 11:30:00,44.17,44.14,44.19,44.0,4330.0,19085102.0,0.18,0.183,-0.006,45.77,59.35,18.59,44.89,53.8,53.37,44.258,44.297,44.034
2025-03-28 13:15:00,44.14,43.96,44.14,43.93,5626.0,24766486.0,0.149,0.176,-0.055,33.01,50.57,0.0,34.2,47.6,50.29,44.168,44.27,44.058
2025-03-28 13:30:00,43.95,43.86,44.0,43.85,5188.0,22784502.0,0.115,0.164,-0.099,22.4,41.18,0.0,29.51,44.49,48.67,44.08,44.232,44.072
2025-03-28 13:45:00,43.85,44.12,44.19,43.85,4161.0,18309861.0,0.107,0.153,-0.091,25.52,35.96,4.64,50.62,53.16,52.81,44.052,44.211,44.095
2025-03-28 14:00:00,44.08,44.17,44.24,44.04,3167.0,13980368.0,0.104,0.143,-0.077,30.69,34.2,23.66,53.82,54.65,53.56,44.05,44.202,44.126
2025-03-28 14:15:00,44.2,44.07,44.2,44.0,4202.0,18525336.0,0.093,0.133,-0.08,33.32,33.91,32.15,46.59,51.11,51.84,44.036,44.147,44.156
2025-03-28 14:30:00,44.06,44.05,44.18,44.0,2090.0,9219402.0,0.081,0.122,-0.083,33.91,33.91,33.91,45.13,50.4,51.49,44.054,44.111,44.162
2025-03-28 14:45:00,44.05,43.99,44.09,43.9,5482.0,24111775.0,0.066,0.111,-0.09,30.8,32.87,26.64,40.57,48.2,50.44,44.08,44.08,44.168
2025-03-28 15:00:00,43.98,43.86,43.99,43.85,8136.0,35708284.0,0.043,0.098,-0.108,21.39,29.04,6.07,32.13,43.7,48.21,44.028,44.04,44.174
2025-03-31 09:45:00,43.6,43.09,43.6,43.08,16538.0,71678104.0,-0.036,0.071,-0.214,14.54,24.21,0.0,12.96,27.24,37.87,43.812,43.931,44.124
2025-03-31 10:00:00,43.07,43.38,43.39,43.0,9003.0,38853279.0,-0.075,0.042,-0.234,19.91,22.78,14.18,31.45,36.99,42.7,43.674,43.855,44.076
2025-03-31 10:15:00,43.33,43.11,43.42,43.11,5071.0,21943790.0,-0.126,0.008,-0.269,16.23,20.6,7.5,25.41,32.56,39.7,43.486,43.77,44.02
2025-03-31 10:30:00,43.11,42.89,43.16,42.84,11355.0,48798132.0,-0.183,-0.03,-0.305,12.01,17.73,0.57,21.4,29.43,37.46,43.266,43.673,43.952
2025-03-31 10:45:00,42.89,42.94,42.99,42.88,4679.0,20085112.0,-0.221,-0.068,-0.305,10.46,15.31,0.76,24.65,31.07,38.29,43.082,43.555,43.883
2025-03-31 11:00:00,42.95,42.79,42.95,42.74,6523.0,27928430.0,-0.26,-0.107,-0.307,8.13,12.92,0.0,21.46,28.87,36.77,43.022,43.417,43.81
2025-03-31 11:15:00,42.8,42.8,42.85,42.7,6288.0,26892936.0,-0.287,-0.143,-0.288,7.82,11.22,1.02,22.26,29.24,36.94,42.906,43.29,43.718
2025-03-31 11:30:00,42.83,42.6,42.93,42.6,6434.0,27480200.0,-0.321,-0.178,-0.285,5.21,9.21,0.0,17.87,26.29,34.94,42.804,43.145,43.628
2025-03-31 13:15:00,42.61,43.03,43.09,42.58,6394.0,27427675.0,-0.309,-0.204,-0.209,18.18,12.2,30.13,45.58,40.37,42.0,42.832,43.049,43.564
2025-03-31 13:30:00,43.02,42.87,43.03,42.82,4649.0,19959643.0,-0.309,-0.225,-0.168,23.63,16.01,38.86,39.61,37.46,40.3,42.818,42.95,43.495
2025-03-31 13:45:00,42.85,42.81,42.95,42.7,2935.0,12570615.0,-0.311,-0.242,-0.137,24.88,18.97,36.7,37.41,36.39,39.67,42.822,42.922,43.427
2025-03-31 14:00:00,42.81,42.83,42.88,42.75,2304.0,9864318.0,-0.307,-0.255,-0.103,30.95,22.96,46.94,38.77,37.05,40.0,42.828,42.867,43.361
2025-03-31 14:15:00,42.81,43.17,43.18,42.75,5895.0,25344612.0,-0.273,-0.259,-0.028,53.41,33.11,94.01,57.6,47.13,45.24,42.942,42.873,43.322
2025-03-31 14:30:00,43.18,43.17,43.46,43.15,8274.0,35834942.0,-0.244,-0.256,0.025,57.96,41.39,91.08,50.0,50.0,50.0,42.97,42.901,43.287
2025-03-31 14:45:00,43.18,43.21,43.31,43.16,5200.0,22466835.0,-0.214,-0.248,0.066,62.5,48.43,90.65,59.7,48.29,45.84,43.038,42.928,43.242
2025-03-31 15:00:00,43.22,43.19,43.25,43.16,6704.0,28960326.0,-0.191,-0.236,0.091,64.77,53.88,86.57,57.98,47.72,45.58,43.114,42.968,43.192
2025-04-01 09:45:00,43.3,43.02,43.58,43.02,11667.0,50474790.0,-0.184,-0.226,0.084,57.85,55.2,63.14,44.79,43.0,43.37,43.152,42.99,43.14
2025-04-01 10:00:00,43.03,43.25,43.28,43.0,5805.0,25032494.0,-0.158,-0.212,0.109,59.4,56.6,65.0,59.68,50.26,46.99,43.168,43.055,43.1
2025-04-01 10:15:00,43.25,43.39,43.39,43.19,4768.0,20639925.0,-0.124,-0.194,0.141,65.74,59.65,77.92,66.31,54.13,49.06,43.212,43.091,43.07
2025-04-01 10:30:00,43.39,43.29,43.43,43.29,7381.0,32009813.0,-0.105,-0.176,0.144,65.51,61.6,73.33,58.12,51.04,47.68,43.228,43.133,43.042
2025-04-01 10:45:00,43.29,43.24,43.3,43.19,5866.0,25366895.0,-0.092,-0.16,0.135,63.35,62.18,65.69,54.1,49.49,46.98,43.238,43.176,43.049
2025-04-01 11:00:00,43.24,43.16,43.27,43.14,4334.0,18725562.0,-0.088,-0.145,0.115,51.43,58.6,37.09,47.77,47.01,45.87,43.266,43.209,43.038
2025-04-01 11:15:00,43.15,43.1,43.19,43.07,4194.0,18091084.0,-0.088,-0.134,0.092,40.03,52.41,15.28,43.22,45.15,45.03,43.236,43.202,43.038
2025-04-01 11:30:00,43.09,43.08,43.18,43.06,5896.0,25409785.0,-0.089,-0.125,0.072,31.29,45.37,3.12,41.63,44.51,44.75,43.174,43.193,43.047
2025-04-01 13:15:00,43.08,42.9,43.09,42.88,8784.0,37740929.0,-0.103,-0.12,0.035,21.81,37.52,0.0,29.81,39.09,42.25,43.096,43.162,43.045
2025-04-01 13:30:00,42.89,42.83,42.91,42.8,6927.0,29677340.0,-0.118,-0.12,0.004,16.13,30.39,0.0,26.32,37.16,41.32,43.014,43.126,43.047
2025-04-01 13:45:00,42.84,42.83,42.92,42.8,4155.0,17792731.0,-0.129,-0.122,-0.014,12.34,24.37,0.0,50.0,50.0,50.0,42.948,43.107,43.049
2025-04-01 14:00:00,42.83,42.93,42.97,42.83,2412.0,10351294.0,-0.128,-0.123,-0.01,15.1,21.28,2.75,40.62,42.01,43.27,42.914,43.075,43.065
2025-04-01 14:15:00,42.93,42.88,42.95,42.85,2779.0,11921035.0,-0.129,-0.124,-0.01,15.4,19.32,7.56,36.38,40.32,42.53,42.874,43.024,43.058
2025-04-01 14:30:00,42.92,42.88,42.92,42.82,3721.0,15951144.0,-0.129,-0.125,-0.008,15.94,18.2,11.44,50.0,50.0,50.0,42.87,42.983,43.058
2025-04-01 14:45:00,42.88,42.83,42.93,42.81,6018.0,25794050.0,-0.132,-0.126,-0.01,13.19,16.53,6.52,31.63,38.47,41.76,42.87,42.942,43.059
2025-04-01 15:00:00,42.82,42.82,42.83,42.8,8669.0,37113407.0,-0.133,-0.128,-0.01,10.55,14.54,2.58,30.67,38.08,41.6,42.868,42.908,43.058
2025-04-02 09:45:00,42.85,42.9,43.07,42.72,9207.0,39543083.0,-0.126,-0.127,0.003,23.25,17.44,34.87,46.32,43.01,43.39,42.862,42.888,43.045
2025-04-02 10:00:00,42.89,42.98,43.0,42.8,5155.0,22119816.0,-0.113,-0.124,0.024,40.26,25.05,70.69,57.77,47.56,45.15,42.882,42.878,43.036
2025-04-02 10:15:00,43.01,43.1,43.26,42.96,11807.0,50893621.0,-0.091,-0.118,0.053,50.3,33.46,83.97,69.48,53.63,47.69,42.926,42.898,43.03
2025-04-02 10:30:00,43.1,43.17,43.31,43.07,7257.0,31352054.0,-0.068,-0.108,0.08,58.96,41.96,92.94,74.44,56.8,49.13,42.994,42.932,43.029
2025-04-02 10:45:00,43.16,43.17,43.2,43.08,3301.0,14245958.0,-0.049,-0.096,0.094,64.73,49.55,95.08,50.0,50.0,50.0,43.064,42.966,43.037
2025-04-02 11:00:00,43.17,43.18,43.28,43.14,3869.0,16719927.0,-0.033,-0.083,0.101,69.14,56.08,95.26,75.27,57.3,49.34,43.12,42.991,43.033
2025-04-02 11:15:00,43.19,43.22,43.25,43.13,2279.0,9839153.0,-0.016,-0.07,0.107,74.34,62.17,98.69,78.59,59.34,50.23,43.168,43.025,43.024
2025-04-02 11:30:00,43.23,43.12,43.23,43.12,1412.0,6096621.0,-0.011,-0.058,0.094,72.16,65.5,85.48,56.0,52.49,48.04,43.172,43.049,43.016
2025-04-02 13:15:00,43.12,43.07,43.24,43.07,3483.0,15025994.0,-0.011,-0.049,0.075,67.88,66.29,71.06,47.77,49.39,46.98,43.152,43.073,43.008
2025-04-02 13:30:00,43.07,43.1,43.11,43.03,2446.0,10536931.0,-0.009,-0.041,0.064,64.86,65.82,62.95,52.77,51.27,47.7,43.138,43.101,43.004
2025-04-02 13:45:00,43.09,43.11,43.11,42.98,3251.0,13990272.0,-0.006,-0.034,0.056,57.53,63.05,46.48,54.51,51.93,47.95,43.124,43.122,43.005
2025-04-02 14:00:00,43.11,43.09,43.13,43.04,1840.0,7927405.0,-0.005,-0.028,0.046,49.46,58.52,31.34,50.08,50.45,47.48,43.098,43.133,43.006
2025-04-02 14:15:00,43.09,43.14,43.15,43.08,3955.0,17053850.0,-0.001,-0.023,0.044,50.75,55.93,40.39,59.87,54.01,48.79,43.102,43.137,43.018
2025-04-02 14:30:00,43.15,43.05,43.16,43.05,2457.0,10590315.0,-0.004,-0.019,0.03,41.61,51.16,22.52,42.05,47.33,46.61,43.098,43.125,43.028
2025-04-02 14:45:00,43.07,43.08,43.13,43.01,3161.0,13618448.0,-0.004,-0.016,0.023,40.09,47.47,25.33,48.22,49.6,47.42,43.094,43.116,43.041
2025-04-02 15:00:00,43.08,43.14,43.15,43.08,7608.0,32813274.0,0.0,-0.013,0.026,47.24,47.39,46.93,58.75,53.93,49.05,43.1,43.112,43.052
2025-04-03 09:45:00,42.76,44.98,45.2,42.76,91569.0,408318140.0,0.15,0.02,0.261,61.82,52.2,81.06,95.14,88.1,74.42,43.478,43.288,43.156
2025-04-03 10:00:00,44.98,44.49,44.99,44.13,26227.0,116536368.0,0.227,0.061,0.332,64.85,56.42,81.71,74.22,72.48,65.37,43.748,43.425,43.237
2025-04-03 10:15:00,44.47,44.36,44.92,44.36,19909.0,88835962.0,0.275,0.104,0.342,65.09,59.31,76.65,69.36,68.94,63.25,44.01,43.554,43.314
2025-04-03 10:30:00,44.35,44.82,44.85,44.35,11540.0,51436892.0,0.346,0.152,0.386,71.53,63.38,87.84,76.02,73.87,67.19,44.358,43.726,43.414
2025-04-03 10:45:00,44.82,44.97,45.35,44.72,62757.0,283052760.0,0.409,0.204,0.41,76.13,67.63,93.13,77.9,75.26,68.34,44.724,43.912,43.517
2025-04-03 11:00:00,44.95,44.9,45.01,44.77,9127.0,40947940.0,0.448,0.253,0.391,78.3,71.19,92.52,74.63,73.27,67.19,44.708,44.093,43.613
2025-04-03 11:15:00,44.9,45.18,45.35,44.87,20443.0,92297532.0,0.496,0.301,0.39,83.34,75.24,99.55,78.89,76.04,69.35,44.846,44.297,43.717
2025-04-03 11:30:00,45.19,44.98,45.3,44.9,15070.0,68044791.0,0.513,0.344,0.338,84.13,78.2,95.99,68.96,70.36,66.11,44.97,44.49,43.808
2025-04-03 13:15:00,44.97,44.75,44.98,44.67,9623.0,43129288.0,0.501,0.375,0.252,81.7,79.37,86.36,58.75,64.34,62.6,44.956,44.657,43.886
2025-04-03 13:30:00,44.75,44.65,44.76,44.53,6468.0,28883100.0,0.478,0.396,0.165,68.67,75.8,54.41,54.54,61.83,61.13,44.892,44.808,43.96
2025-04-03 13:45:00,44.65,44.59,44.7,44.53,6183.0,27572288.0,0.45,0.407,0.087,53.78,68.46,24.42,51.87,60.29,60.24,44.83,44.769,44.028
2025-04-03 14:00:00,44.59,44.75,44.77,44.59,4501.0,20106520.0,0.436,0.412,0.047,49.19,62.04,23.49,58.4,62.97,61.78,44.744,44.795,44.11
2025-04-03 14:15:00,44.75,44.65,44.8,44.62,6427.0,28733743.0,0.412,0.412,-0.001,37.67,53.92,5.18,53.0,60.2,60.26,44.678,44.824,44.189
2025-04-03 14:30:00,44.65,44.61,44.65,44.57,5282.0,23559290.0,0.385,0.407,-0.044,28.37,45.4,0.0,50.75,59.06,59.64,44.65,44.803,44.264
2025-04-03 14:45:00,44.61,44.6,44.67,44.6,5754.0,25680619.0,0.359,0.397,-0.077,21.76,37.52,0.0,50.11,58.76,59.49,44.64,44.766,44.339
2025-04-03 15:00:00,44.61,44.56,44.61,44.55,14400.0,64198161.0,0.331,0.384,-0.106,15.8,30.28,0.0,47.26,57.48,58.83,44.634,44.732,44.412
2025-04-07 09:45:00,43.51,45.81,46.69,43.13,181651.0,827926978.0,0.405,0.388,0.034,35.63,32.06,42.76,83.18,75.62,69.67,44.846,44.795,44.546
2025-04-07 10:00:00,45.81,45.69,45.99,44.49,75302.0,340883750.0,0.449,0.4,0.097,47.72,37.28,68.6,77.13,72.39,67.88,45.054,44.866,44.678
2025-04-07 10:15:00,45.7,47.15,47.9,45.7,144224.0,678208377.0,0.595,0.439,0.311,59.91,44.82,90.07,88.91,82.39,75.78,45.562,45.106,44.882
2025-04-07 10:30:00,47.14,47.58,47.8,46.96,49422.0,233893598.0,0.736,0.499,0.476,71.04,53.56,100.0,90.62,84.22,77.48,46.158,45.399,45.104
2025-04-07 10:45:00,47.58,47.45,47.6,47.09,26211.0,124299526.0,0.829,0.565,0.528,77.55,61.56,100.0,85.82,81.42,75.8,46.736,45.685,45.227
2025-04-07 11:00:00,47.46,47.1,47.49,46.96,16142.0,76277152.0,0.863,0.624,0.478,79.44,67.52,100.0,73.29,74.18,71.45,46.994,45.92,45.358
2025-04-07 11:15:00,47.12,46.79,47.19,46.6,13118.0,61483702.0,0.856,0.671,0.371,78.54,71.19,93.23,63.45,68.31,67.85,47.214,46.134,45.479
2025-04-07 11:30:00,46.8,46.53,46.98,46.46,10883.0,50778079.0,0.82,0.701,0.239,76.12,72.83,82.69,55.89,63.7,64.98,47.09,46.326,45.564
2025-04-07 13:15:00,46.54,46.28,46.86,46.11,21237.0,98453761.0,0.763,0.713,0.099,72.76,72.81,72.66,49.14,59.49,62.34,46.83,46.494,45.63
2025-04-07 13:30:00,46.29,46.18,46.56,46.16,15377.0,71235653.0,0.701,0.711,-0.02,65.02,70.21,54.65,46.44,57.82,61.3,46.576,46.656,45.694
2025-04-07 13:45:00,46.18,45.44,46.21,45.44,21753.0,99845935.0,0.585,0.685,-0.2,43.35,61.26,7.53,31.24,47.15,54.3,46.244,46.619,45.707
2025-04-07 14:00:00,45.42,45.15,45.8,45.15,23042.0,104714764.0,0.465,0.641,-0.353,28.9,50.47,0.0,27.07,43.7,51.88,45.916,46.565,45.716
2025-04-07 14:15:00,45.15,44.6,45.33,44.01,44589.0,199302936.0,0.322,0.577,-0.512,24.74,41.9,0.0,20.77,37.95,47.67,45.53,46.31,45.708
2025-04-07 14:30:00,44.6,44.64,45.34,42.97,39374.0,173964347.0,0.209,0.504,-0.59,28.81,37.54,11.37,22.34,38.59,47.99,45.202,46.016,45.707
2025-04-07 14:45:00,44.64,44.7,46.0,44.2,30559.0,138380224.0,0.123,0.428,-0.609,32.87,35.98,26.66,25.03,39.61,48.48,44.906,45.741,45.713
2025-04-07 15:00:00,44.68,45.23,45.23,44.65,42146.0,189739920.0,0.096,0.361,-0.53,40.7,37.55,47.0,45.16,47.94,52.63,44.864,45.554,45.737
2025-04-08 09:45:00,45.23,46.02,46.9,43.97,205177.0,936228342.0,0.138,0.317,-0.358,53.0,42.7,73.6,62.95,57.48,57.89,45.038,45.477,45.806
2025-04-08 10:00:00,46.07,46.45,46.75,45.89,78228.0,362072729.0,0.203,0.294,-0.182,64.85,50.09,94.38,69.43,61.66,60.39,45.408,45.469,45.898
2025-04-08 10:15:00,46.45,47.45,47.72,46.25,102553.0,482022895.0,0.331,0.301,0.059,74.67,58.28,100.0,79.45,69.3,65.38,45.97,45.586,46.04
2025-04-08 10:30:00,47.45,47.3,47.45,47.03,45246.0,213874741.0,0.416,0.324,0.183,80.17,65.58,100.0,75.02,67.11,64.12,46.49,45.698,46.177
2025-04-08 10:45:00,47.24,46.95,47.29,46.9,20545.0,96692269.0,0.45,0.349,0.201,81.38,70.84,100.0,64.9,62.12,61.23,46.834,45.849,46.234
2025-04-08 11:00:00,46.95,46.87,47.0,46.68,14995.0,70264064.0,0.465,0.372,0.185,81.62,74.44,95.99,62.58,60.98,60.58,47.004,46.021,46.293
2025-04-08 11:15:00,46.87,46.8,47.0,46.64,11444.0,53581853.0,0.465,0.391,0.149,79.57,76.15,86.41,60.32,59.94,60.0,47.074,46.241,46.276
2025-04-08 11:30:00,46.8,46.75,46.9,46.7,10012.0,46834296.0,0.457,0.404,0.105,77.76,76.68,79.9,58.51,59.15,59.58,46.934,46.452,46.234
2025-04-08 13:15:00,46.78,47.18,47.77,46.78,53984.0,255966048.0,0.479,0.419,0.12,80.0,77.79,84.41,68.33,63.64,62.0,46.91,46.7,46.22
2025-04-08 13:30:00,47.19,47.06,47.31,46.95,19974.0,94123477.0,0.482,0.432,0.1,74.08,76.55,69.13,63.31,61.58,60.93,46.932,46.883,46.218
2025-04-08 13:45:00,47.05,47.15,47.3,46.97,23049.0,108753867.0,0.485,0.442,0.086,69.12,74.07,59.21,65.58,62.57,61.45,46.988,46.996,46.236
2025-04-08 14:00:00,47.12,47.14,47.27,46.82,20765.0,97707971.0,0.482,0.45,0.063,60.83,69.66,43.17,65.05,62.38,61.36,47.056,47.065,46.267
2025-04-08 14:15:00,47.15,47.04,47.21,46.92,13316.0,62685418.0,0.466,0.453,0.025,52.35,63.89,29.28,59.22,60.33,60.39,47.114,47.024,46.305
2025-04-08 14:30:00,47.02,47.13,47.2,46.93,17302.0,81429239.0,0.455,0.454,0.002,49.36,59.05,29.98,62.82,61.57,60.97,47.104,47.007,46.352
2025-04-08 14:45:00,47.13,47.51,47.52,47.09,40711.0,192849272.0,0.471,0.457,0.029,58.57,58.89,57.93,74.3,66.4,63.32,47.194,47.063,46.456
2025-04-08 15:00:00,47.54,49.75,49.75,47.54,168879.0,829795948.0,0.658,0.497,0.321,72.38,63.38,90.37,91.93,81.43,73.25,47.714,47.351,46.686
2025-04-09 09:45:00,49.75,51.44,51.44,49.12,366084.0,1841358876.0,0.931,0.584,0.694,81.59,69.45,100.0,95.02,86.43,77.94,48.574,47.815,47.028
2025-04-09 10:00:00,51.42,52.21,52.68,50.4,227893.0,1179533061.0,1.196,0.706,0.979,85.05,74.65,100.0,95.88,88.03,79.64,49.608,48.361,47.406
2025-04-09 10:15:00,52.19,51.96,52.3,51.18,77510.0,403087794.0,1.37,0.839,1.062,85.94,78.41,100.0,89.82,84.5,77.62,50.574,48.839,47.77
2025-04-09 10:30:00,51.95,51.67,52.0,51.41,33535.0,173525955.0,1.468,0.965,1.006,84.88,80.57,93.5,82.56,80.42,75.3,51.406,49.3,48.092
2025-04-09 10:45:00,51.67,51.46,51.67,51.31,25444.0,130934419.0,1.511,1.074,0.873,82.86,81.33,85.91,77.14,77.46,73.64,51.748,49.731,48.364
2025-04-09 11:00:00,51.47,52.4,52.68,51.47,53146.0,277704805.0,1.602,1.18,0.845,86.95,83.21,94.44,83.1,80.89,76.1,51.94,50.257,48.661
2025-04-09 11:15:00,52.4,51.94,52.4,51.87,20534.0,107046731.0,1.619,1.268,0.703,86.89,84.43,91.8,72.06,74.81,72.63,51.886,50.747,48.886
2025-04-09 11:30:00,51.95,52.25,52.3,51.95,15824.0,82617463.0,1.638,1.342,0.593,88.47,85.78,93.85,74.77,76.13,73.48,51.944,51.259,49.133
2025-04-09 13:15:00,52.29,52.07,52.3,51.84,21275.0,110877138.0,1.62,1.397,0.446,86.6,86.05,87.7,70.04,73.69,72.13,52.024,51.715,49.389
2025-04-09 13:30:00,52.07,52.16,52.25,51.92,18572.0,96787835.0,1.595,1.437,0.316,83.47,85.19,80.02,71.14,74.14,72.39,52.164,51.956,49.654
2025-04-09 13:45:00,52.1,53.48,53.5,52.0,56173.0,296059873.0,1.662,1.482,0.361,88.69,86.36,93.36,82.44,79.72,75.91,52.38,52.16,49.988
2025-04-09 14:00:00,53.5,52.72,53.5,52.6,41413.0,219843356.0,1.636,1.513,0.246,80.59,84.43,72.9,64.88,70.2,70.51,52.536,52.211,50.286
2025-04-09 14:15:00,52.7,52.89,52.9,52.47,21027.0,110749349.0,1.609,1.532,0.155,77.77,82.21,68.89,66.78,71.05,70.99,52.664,52.304,50.572
2025-04-09 14:30:00,52.9,51.97,52.9,51.92,30568.0,160036844.0,1.497,1.525,-0.056,60.06,74.83,30.52,49.43,60.87,65.0,52.644,52.334,50.817
2025-04-09 14:45:00,51.96,51.62,52.1,51.41,52831.0,273583124.0,1.364,1.493,-0.257,43.39,64.35,1.47,44.18,57.46,62.89,52.536,52.35,51.04
2025-04-09 15:00:00,51.62,51.18,51.8,50.6,86139.0,440860017.0,1.21,1.436,-0.453,35.59,54.76,0.0,38.09,53.36,60.33,52.076,52.228,51.242
2025-04-10 09:45:00,49.8,50.56,50.98,48.0,280973.0,1394043655.0,1.025,1.354,-0.658,39.24,49.59,18.55,30.88,48.08,56.92,51.644,52.09,51.418
2025-04-10 10:00:00,50.51,50.57,51.13,50.14,85492.0,432790378.0,0.87,1.257,-0.775,41.74,46.97,31.27,31.14,48.17,56.96,51.18,51.922,51.59
2025-04-10 10:15:00,50.6,50.35,51.28,50.2,67715.0,343134048.0,0.72,1.15,-0.859,42.07,45.34,35.53,28.4,46.24,55.74,50.856,51.75,51.732
2025-04-10 10:30:00,50.33,50.5,50.68,50.29,35107.0,177011332.0,0.607,1.041,-0.868,43.2,44.62,40.34,33.2,47.79,56.4,50.632,51.584,51.77
2025-04-10 10:45:00,50.54,50.45,50.63,50.12,36735.0,184926966.0,0.508,0.935,-0.854,45.46,44.9,46.58,32.33,47.3,56.11,50.486,51.281,51.72
2025-04-10 11:00:00,50.48,51.01,51.01,50.23,30641.0,155268938.0,0.469,0.841,-0.746,50.79,46.86,58.63,49.92,53.24,58.62,50.576,51.11,51.66
2025-04-10 11:15:00,51.05,50.49,51.07,50.49,17927.0,90996552.0,0.391,0.751,-0.72,54.1,49.28,63.75,38.71,47.78,55.54,50.56,50.87,51.587
2025-04-10 11:30:00,50.47,50.5,50.82,50.34,12685.0,64147609.0,0.327,0.666,-0.679,58.0,52.18,69.62,39.02,47.89,55.59,50.59,50.723,51.528
2025-04-10 13:15:00,50.53,50.32,50.73,50.19,21160.0,106588708.0,0.258,0.585,-0.653,62.24,55.54,75.65,35.12,45.96,54.51,50.554,50.593,51.472
2025-04-10 13:30:00,50.3,50.63,50.87,50.16,24722.0,124897992.0,0.226,0.513,-0.573,56.15,55.74,56.97,46.24,49.77,56.04,50.59,50.538,51.383
2025-04-10 13:45:00,50.66,50.49,50.74,50.4,13268.0,67083881.0,0.188,0.448,-0.521,48.07,53.18,37.83,42.31,48.1,55.17,50.486,50.531,51.311
2025-04-10 14:00:00,50.49,50.32,50.5,50.3,12664.0,63842706.0,0.142,0.387,-0.49,39.06,48.48,20.23,37.65,46.05,54.1,50.452,50.506,51.214
2025-04-10 14:15:00,50.32,50.42,50.63,50.2,18774.0,94569320.0,0.112,0.332,-0.44,36.57,44.51,20.69,42.15,47.48,54.64,50.436,50.513,51.132
2025-04-10 14:30:00,50.45,49.94,50.53,49.52,46085.0,230624248.0,0.049,0.275,-0.452,33.41,40.81,18.62,29.77,41.67,51.6,50.36,50.457,51.02
2025-04-10 14:45:00,49.95,49.42,49.99,49.31,67516.0,334948291.0,-0.042,0.212,-0.508,24.36,35.32,2.42,21.54,36.41,48.55,50.118,50.354,50.818
2025-04-10 15:00:00,49.42,49.73,49.99,49.42,64229.0,318985974.0,-0.089,0.152,-0.48,25.21,31.95,11.73,34.49,41.24,50.37,49.966,50.226,50.668
2025-04-11 09:45:00,49.01,49.34,50.17,49.0,100906.0,500671778.0,-0.155,0.09,-0.491,22.87,28.93,10.76,27.61,37.34,48.13,49.77,50.111,50.491
2025-04-11 10:00:00,49.33,49.25,49.48,49.0,60572.0,297961620.0,-0.212,0.03,-0.484,19.7,25.85,7.4,26.17,36.48,47.62,49.536,49.986,50.354
2025-04-11 10:15:00,49.25,49.53,49.98,49.05,60949.0,302415576.0,-0.233,-0.023,-0.42,23.29,25.0,19.87,38.24,41.12,49.36,49.454,49.907,50.25
2025-04-11 10:30:00,49.53,49.24,49.53,49.23,22826.0,112628004.0,-0.269,-0.072,-0.394,20.43,23.48,14.35,31.78,37.98,47.65,49.418,49.768,50.153
2025-04-11 10:45:00,49.23,49.1,49.3,49.03,25212.0,123914451.0,-0.305,-0.119,-0.374,15.67,20.87,5.26,28.95,36.52,46.83,49.292,49.629,50.08
2025-04-11 11:00:00,49.09,48.59,49.11,48.57,49934.0,243916331.0,-0.371,-0.169,-0.404,10.78,17.51,0.0,20.83,31.66,43.96,49.142,49.456,49.981
2025-04-11 11:15:00,48.58,49.03,49.13,48.58,20634.0,100872706.0,-0.384,-0.212,-0.343,16.77,17.26,15.79,38.64,39.26,46.89,49.098,49.317,49.915
2025-04-11 11:30:00,49.03,49.27,49.5,49.03,20133.0,99182699.0,-0.37,-0.244,-0.252,25.77,20.1,37.1,46.52,43.03,48.43,49.046,49.25,49.854
2025-04-11 13:15:00,49.29,49.71,49.82,49.29,39023.0,193785041.0,-0.319,-0.259,-0.121,40.93,27.04,68.7,58.29,49.32,51.13,49.14,49.279,49.817
2025-04-11 13:30:00,49.71,49.58,49.72,49.43,19414.0,96215063.0,-0.287,-0.264,-0.045,51.16,35.08,83.32,54.07,47.63,50.32,49.236,49.264,49.745
2025-04-11 13:45:00,49.58,49.71,49.91,49.45,28742.0,142893096.0,-0.248,-0.261,0.027,61.06,43.74,95.69,57.74,49.52,51.13,49.46,49.301,49.706
2025-04-11 14:00:00,49.71,49.45,49.84,49.4,20101.0,99779279.0,-0.235,-0.256,0.042,62.6,50.03,87.74,48.45,45.9,49.44,49.544,49.321,49.654
2025-04-11 14:15:00,49.45,49.18,49.49,49.15,21110.0,104067746.0,-0.244,-0.253,0.019,56.9,52.32,66.08,40.35,42.39,47.74,49.526,49.286,49.596
2025-04-11 14:30:00,49.18,49.01,49.24,49.0,23801.0,116904499.0,-0.261,-0.255,-0.013,48.88,51.17,44.3,35.83,40.28,46.68,49.386,49.263,49.515
2025-04-11 14:45:00,49.01,48.97,49.25,48.8,25972.0,127226293.0,-0.276,-0.259,-0.033,42.36,48.24,30.61,34.73,39.77,46.43,49.264,49.25,49.439
2025-04-11 15:00:00,48.97,49.0,49.07,48.86,43295.0,212060245.0,-0.281,-0.263,-0.035,34.25,43.57,15.6,36.48,40.38,46.66,49.122,49.291,49.374
2025-04-14 09:45:00,48.99,48.15,49.1,48.0,130087.0,630887547.0,-0.35,-0.281,-0.138,25.45,37.53,1.28,19.07,30.67,41.49,48.862,49.203,49.26
2025-04-14 10:00:00,48.12,48.34,48.47,48.12,33585.0,162381381.0,-0.385,-0.302,-0.166,22.9,32.65,3.39,28.25,34.51,42.96,48.694,49.11,49.18
2025-04-14 10:15:00,48.34,48.58,48.76,48.15,30326.0,146878274.0,-0.389,-0.319,-0.139,25.39,30.23,15.7,38.79,39.16,44.79,48.608,48.997,49.138
2025-04-14 10:30:00,48.58,49.2,49.29,48.47,41952.0,205475435.0,-0.338,-0.323,-0.03,38.67,33.04,49.91,57.93,49.29,49.2,48.654,48.959,49.112
2025-04-14 10:45:00,49.2,48.98,49.49,48.94,36428.0,179316302.0,-0.311,-0.32,0.018,47.7,37.93,67.24,51.12,46.31,47.78,48.65,48.886,49.094
2025-04-14 11:00:00,48.98,49.14,49.15,48.96,12263.0,60134705.0,-0.275,-0.311,0.073,57.3,44.39,83.14,55.67,48.77,48.9,48.848,48.855,49.088
2025-04-14 11:15:00,49.17,48.95,49.26,48.92,13215.0,64894962.0,-0.258,-0.301,0.086,59.46,49.41,79.55,49.15,46.03,47.64,48.97,48.832,49.059
2025-04-14 11:30:00,48.94,48.91,48.95,48.8,7571.0,37001830.0,-0.245,-0.289,0.089,59.99,52.94,74.11,47.74,45.45,47.37,49.036,48.822,49.043
2025-04-14 13:15:00,48.92,48.84,48.96,48.71,9719.0,47476300.0,-0.237,-0.279,0.083,58.79,54.89,66.59,45.03,44.37,46.89,48.964,48.809,49.03
2025-04-14 13:30:00,48.84,48.66,48.84,48.55,8705.0,42404347.0,-0.243,-0.272,0.057,52.33,54.04,48.92,38.3,41.61,45.65,48.9,48.775,49.033
2025-04-14 13:45:00,48.66,48.74,48.8,48.65,6950.0,33871834.0,-0.239,-0.265,0.053,49.56,52.55,43.6,42.85,43.32,46.31,48.82,48.834,49.018
2025-04-14 14:00:00,48.74,49.22,49.38,48.72,31794.0,156252717.0,-0.194,-0.251,0.114,57.55,54.21,64.23,62.68,52.45,50.1,48.874,48.922,49.016
2025-04-14 14:15:00,49.23,49.26,49.83,49.21,58100.0,287785479.0,-0.154,-0.232,0.155,56.86,55.1,60.38,63.93,53.13,50.41,48.944,48.99,48.994
2025-04-14 14:30:00,49.24,49.3,49.3,49.08,15699.0,77217533.0,-0.117,-0.209,0.183,57.44,55.88,60.56,65.32,53.86,50.72,49.036,49.0,48.98
2025-04-14 14:45:00,49.29,49.25,49.4,49.2,17769.0,87596149.0,-0.091,-0.185,0.188,56.52,56.09,57.38,61.74,52.75,50.31,49.154,49.027,48.956
2025-04-14 15:00:00,49.25,49.33,49.33,49.15,31848.0,156823836.0,-0.064,-0.161,0.195,57.99,56.72,60.53,65.39,54.39,50.98,49.272,49.046,48.95
2025-04-15 09:45:00,48.84,48.03,49.0,48.0,86531.0,418255414.0,-0.145,-0.158,0.026,39.21,50.89,15.85,22.88,33.62,41.48,49.034,48.954,48.893
2025-04-15 10:00:00,48.04,47.8,48.35,47.6,52401.0,251534479.0,-0.225,-0.171,-0.108,29.13,43.63,0.12,20.11,31.31,40.1,48.742,48.843,48.832
2025-04-15 10:15:00,47.8,47.89,48.03,47.8,22382.0,107195722.0,-0.278,-0.193,-0.171,23.75,37.01,0.0,24.41,33.26,40.91,48.46,48.748,48.778
2025-04-15 10:30:00,47.9,47.91,48.12,47.84,13064.0,62636483.0,-0.315,-0.217,-0.196,20.47,31.49,0.0,25.48,33.72,41.09,48.192,48.673,48.724
2025-04-15 10:45:00,47.91,47.79,48.07,47.78,11466.0,54910932.0,-0.35,-0.244,-0.213,16.49,26.49,0.0,23.13,32.27,40.31,47.884,48.578,48.706
2025-04-15 11:00:00,47.8,47.98,48.1,47.65,18405.0,88049396.0,-0.358,-0.267,-0.183,18.03,23.67,6.74,34.62,36.95,42.13,47.874,48.454,48.688
2025-04-15 11:15:00,47.96,48.06,48.29,47.96,9552.0,45984846.0,-0.354,-0.284,-0.14,20.54,22.63,16.36,39.21,38.89,42.89,47.926,48.334,48.662
2025-04-15 11:30:00,48.13,47.94,48.13,47.8,5742.0,27495700.0,-0.357,-0.299,-0.116,20.24,21.83,17.06,34.81,37.03,42.02,47.936,48.198,48.599
2025-04-15 13:15:00,47.94,47.65,48.0,47.6,16793.0,80144312.0,-0.378,-0.315,-0.126,14.69,19.45,5.16,26.26,32.87,39.98,47.884,48.038,48.532
2025-04-15 13:30:00,47.65,47.69,47.71,47.51,18747.0,89179951.0,-0.387,-0.329,-0.115,16.93,18.61,13.58,29.14,33.99,40.4,47.864,47.874,48.46
2025-04-15 13:45:00,47.7,47.76,47.82,47.57,10116.0,48246001.0,-0.384,-0.34,-0.087,21.97,19.73,26.45,34.51,36.01,41.14,47.82,47.847,48.4
2025-04-15 14:00:00,47.77,47.7,47.95,47.7,7425.0,35496116.0,-0.382,-0.348,-0.067,22.77,20.74,26.82,32.02,35.01,40.69,47.748,47.837,48.34
2025-04-15 14:15:00,47.71,47.63,47.72,47.53,10114.0,48152681.0,-0.381,-0.355,-0.053,20.31,20.6,19.72,29.07,33.81,40.15,47.686,47.811,48.28
2025-04-15 14:30:00,47.66,47.58,47.72,47.56,10286.0,48967135.0,-0.381,-0.36,-0.041,16.53,19.24,11.1,26.95,32.93,39.75,47.672,47.778,48.226
2025-04-15 14:45:00,47.59,47.59,47.62,47.5,23786.0,113107742.0,-0.375,-0.363,-0.024,14.82,17.77,8.92,28.21,33.31,39.88,47.652,47.758,48.168
2025-04-15 15:00:00,47.59,47.7,47.81,47.56,28952.0,138160318.0,-0.358,-0.362,0.009,20.46,18.66,24.05,41.51,37.54,41.25,47.64,47.73,48.092
2025-04-16 09:45:00,47.7,47.93,48.27,47.63,42274.0,202761827.0,-0.322,-0.354,0.065,32.25,23.19,50.37,60.08,45.44,44.05,47.686,47.717,48.026
2025-04-16 10:00:00,47.95,47.96,48.15,47.82,18428.0,88413511.0,-0.287,-0.341,0.107,41.42,29.27,65.71,61.97,46.4,44.41,47.752,47.719,47.958
2025-04-16 10:15:00,47.96,47.86,48.15,47.81,14972.0,71804028.0,-0.265,-0.325,0.121,43.2,33.91,61.76,52.1,43.6,43.44,47.808,47.74,47.889
2025-04-16 10:30:00,47.84,47.89,47.98,47.84,6200.0,29691430.0,-0.242,-0.309,0.133,45.68,37.83,61.37,54.7,44.69,43.83,47.868,47.76,47.817
2025-04-16 10:45:00,47.89,47.69,48.01,47.69,17679.0,84498258.0,-0.238,-0.295,0.114,38.68,38.12,39.8,38.15,39.17,41.84,47.866,47.753,47.8
2025-04-16 11:00:00,47.68,48.22,48.3,47.61,25996.0,124741580.0,-0.189,-0.273,0.169,55.79,44.01,79.35,68.47,55.18,48.31,47.924,47.805,47.821
2025-04-16 11:15:00,48.16,47.97,48.2,47.88,14388.0,69131508.0,-0.169,-0.252,0.168,56.77,48.26,73.8,53.6,48.6,45.8,47.926,47.839,47.825
2025-04-16 11:30:00,47.96,47.74,47.99,47.7,10197.0,48756062.0,-0.169,-0.236,0.133,45.96,47.49,42.88,43.23,43.4,43.63,47.902,47.855,47.816
2025-04-16 13:15:00,47.76,47.79,47.8,47.6,12967.0,61848621.0,-0.164,-0.221,0.116,39.69,44.89,29.28,45.96,44.8,44.23,47.882,47.875,47.817
2025-04-16 13:30:00,47.79,47.42,47.8,47.31,16859.0,80021873.0,-0.187,-0.214,0.055,30.16,39.98,10.52,32.22,37.35,40.87,47.828,47.847,47.788
2025-04-16 13:45:00,47.4,47.12,47.44,47.0,21500.0,101587602.0,-0.227,-0.217,-0.02,23.18,34.38,0.79,24.96,32.56,38.4,47.608,47.766,47.742
2025-04-16 14:00:00,47.13,47.09,47.22,47.01,10943.0,51526622.0,-0.258,-0.225,-0.066,17.76,28.84,0.0,24.3,32.11,38.16,47.432,47.679,47.699
2025-04-16 14:15:00,47.08,47.21,47.27,47.05,8717.0,41079321.0,-0.27,-0.234,-0.072,17.23,24.97,1.74,32.79,35.96,39.73,47.326,47.614,47.677
2025-04-16 14:30:00,47.21,46.89,47.21,46.68,25407.0,119118977.0,-0.302,-0.248,-0.108,15.81,21.92,3.59,24.13,30.86,37.1,47.146,47.514,47.637
2025-04-16 14:45:00,46.9,46.79,46.9,46.66,19966.0,93295003.0,-0.331,-0.264,-0.134,13.35,19.06,1.93,21.95,29.44,36.32,47.02,47.424,47.588
2025-04-16 15:00:00,46.78,47.01,47.06,46.78,24407.0,114562058.0,-0.333,-0.278,-0.11,17.67,18.6,15.82,36.96,36.47,39.27,46.998,47.303,47.554
2025-04-17 09:45:00,46.6,46.8,47.17,46.55,31104.0,145717722.0,-0.347,-0.292,-0.111,18.45,18.55,18.25,30.29,33.04,37.54,46.94,47.186,47.512
2025-04-17 10:00:00,46.8,47.15,47.35,46.8,24470.0,115351725.0,-0.327,-0.299,-0.056,28.3,21.8,41.3,48.78,42.82,41.98,46.928,47.127,47.491
2025-04-17 10:15:00,47.12,47.17,47.24,46.97,12674.0,59695648.0,-0.305,-0.3,-0.01,42.09,28.56,69.14,49.69,43.33,42.23,46.984,47.065,47.47
2025-04-17 10:30:00,47.17,47.17,47.24,47.05,9168.0,43231586.0,-0.285,-0.297,0.024,53.89,37.0,87.66,50.0,50.0,50.0,47.06,47.04,47.444
2025-04-17 10:45:00,47.15,47.02,47.18,46.94,7500.0,35277421.0,-0.278,-0.293,0.031,55.51,43.17,80.19,41.66,40.1,40.82,47.062,47.03,47.398
2025-04-17 11:00:00,46.99,47.01,47.14,46.9,7968.0,37435939.0,-0.27,-0.289,0.038,56.17,47.51,73.51,41.12,39.89,40.72,47.104,47.022,47.35
2025-04-17 11:15:00,47.0,46.96,47.03,46.81,8312.0,38987695.0,-0.264,-0.284,0.039,54.53,49.85,63.9,38.2,38.75,40.24,47.066,46.997,47.306
2025-04-17 11:30:00,46.96,47.01,47.09,46.95,5152.0,24225109.0,-0.253,-0.278,0.049,55.52,51.74,63.09,43.06,40.6,40.97,47.034,47.009,47.262
2025-04-17 13:15:00,47.03,46.88,47.17,46.82,13419.0,63026818.0,-0.252,-0.272,0.041,50.76,51.41,49.46,34.57,37.4,39.65,46.976,47.018,47.221
2025-04-17 13:30:00,46.87,46.73,46.95,46.73,8901.0,41692768.0,-0.26,-0.27,0.02,33.84,45.56,10.41,27.16,34.02,38.17,46.918,46.99,47.146
2025-04-17 13:45:00,46.73,46.79,46.88,46.63,13211.0,61716628.0,-0.259,-0.268,0.018,31.31,40.81,12.3,33.96,36.52,39.12,46.874,46.989,47.088
2025-04-17 14:00:00,46.79,46.72,46.89,46.7,5398.0,25250413.0,-0.26,-0.266,0.012,25.79,35.8,5.76,30.03,34.84,38.4,46.826,46.946,47.037
2025-04-17 14:15:00,46.71,46.81,46.81,46.64,6813.0,31833065.0,-0.251,-0.263,0.024,28.1,33.23,17.84,40.62,38.79,39.88,46.786,46.91,46.988
2025-04-17 14:30:00,46.81,46.72,46.85,46.66,8449.0,39483887.0,-0.248,-0.26,0.024,24.29,30.25,12.36,34.38,36.38,38.9,46.754,46.865,46.952
2025-04-17 14:45:00,46.73,46.46,46.75,46.39,21083.0,98208615.0,-0.264,-0.261,-0.006,19.18,26.56,4.43,22.43,30.43,36.23,46.7,46.809,46.92
2025-04-17 15:00:00,46.46,46.5,46.61,46.4,26674.0,124002531.0,-0.27,-0.263,-0.015,17.49,23.54,5.39,27.11,32.29,36.92,46.642,46.758,46.89
2025-04-18 09:45:00,46.35,46.45,46.68,46.09,28233.0,130742982.0,-0.276,-0.266,-0.021,22.77,23.28,21.75,24.86,31.15,36.41,46.588,46.707,46.852
2025-04-18 10:00:00,46.46,46.22,46.62,46.21,15641.0,72531645.0,-0.296,-0.272,-0.048,20.22,22.26,16.14,17.05,26.48,34.11,46.47,46.628,46.818
2025-04-18 10:15:00,46.23,46.03,46.28,46.02,14257.0,65798075.0,-0.323,-0.282,-0.082,13.86,19.46,2.66,13.0,23.33,32.34,46.332,46.543,46.78
2025-04-18 10:30:00,46.01,45.61,46.01,45.48,43773.0,200016773.0,-0.374,-0.3,-0.148,12.32,17.08,2.79,7.98,18.12,28.9,46.162,46.431,46.71
2025-04-18 10:45:00,45.6,45.8,45.88,45.55,14541.0,66415488.0,-0.395,-0.319,-0.151,16.0,16.72,14.55,23.93,26.24,32.3,46.022,46.332,46.66
2025-04-18 11:00:00,45.8,45.47,45.88,45.47,12703.0,57924941.0,-0.433,-0.342,-0.182,10.66,14.7,2.59,17.58,22.09,29.73,45.826,46.207,46.576
2025-04-18 11:15:00,45.48,45.18,45.54,45.1,25286.0,114461826.0,-0.481,-0.37,-0.222,8.73,12.71,0.76,13.74,19.18,27.7,45.618,46.044,46.477
2025-04-18 11:30:00,45.17,44.97,45.22,44.95,25361.0,114222692.0,-0.53,-0.402,-0.256,6.2,10.54,0.0,11.54,17.37,26.34,45.406,45.869,46.367
2025-04-18 13:15:00,44.97,44.92,45.17,44.92,16777.0,75553074.0,-0.566,-0.435,-0.263,4.13,8.4,0.0,11.04,16.96,26.03,45.268,45.715,46.262
2025-04-18 13:30:00,44.92,44.98,45.07,44.82,13060.0,58693724.0,-0.583,-0.464,-0.238,5.72,7.51,2.14,16.3,19.48,27.12,45.104,45.563,46.16
2025-04-18 13:45:00,44.99,45.04,45.14,44.99,6390.0,28790594.0,-0.585,-0.488,-0.193,8.84,7.95,10.6,21.84,22.06,28.23,45.018,45.422,46.064
2025-04-18 14:00:00,45.04,45.46,45.52,45.03,13537.0,61383499.0,-0.547,-0.5,-0.093,23.82,13.24,44.97,49.79,37.37,35.42,45.074,45.346,45.987
2025-04-18 14:15:00,45.45,45.44,45.54,45.25,9737.0,44225826.0,-0.512,-0.502,-0.019,35.38,20.62,64.89,48.79,36.99,35.25,45.168,45.287,45.915
2025-04-18 14:30:00,45.44,45.34,45.45,45.33,6331.0,28736256.0,-0.486,-0.499,0.025,39.94,27.06,65.69,43.56,35.06,34.36,45.252,45.26,45.846
2025-04-18 14:45:00,45.34,45.27,45.44,45.25,10572.0,47922383.0,-0.467,-0.493,0.052,47.46,33.86,74.66,39.96,33.72,33.74,45.31,45.207,45.77
2025-04-18 15:00:00,45.28,45.25,45.35,45.25,21352.0,96696039.0,-0.448,-0.484,0.072,51.55,39.75,75.13,38.86,33.32,33.56,45.352,45.185,45.696
2025-04-21 09:45:00,45.11,45.39,45.48,44.86,25978.0,117585116.0,-0.416,-0.47,0.108,60.75,46.75,88.75,50.35,38.84,36.06,45.338,45.206,45.625
2025-04-21 10:00:00,45.42,45.54,45.86,45.33,28976.0,132400302.0,-0.375,-0.451,0.152,63.58,52.36,86.01,60.01,44.23,38.64,45.358,45.263,45.566
2025-04-21 10:15:00,45.53,45.66,45.71,45.5,10140.0,46248996.0,-0.329,-0.427,0.196,69.05,57.93,91.31,66.31,48.22,40.65,45.422,45.337,45.526
2025-04-21 10:30:00,45.64,45.58,45.65,45.52,6858.0,31262379.0,-0.296,-0.401,0.21,70.03,61.96,86.18,58.89,45.83,39.74,45.484,45.397,45.48
2025-04-21 10:45:00,45.59,45.7,45.7,45.53,8560.0,39038102.0,-0.256,-0.372,0.231,74.69,66.2,91.66,65.78,49.89,41.77,45.574,45.463,45.442
2025-04-21 11:00:00,45.7,45.81,45.82,45.65,10628.0,48610745.0,-0.214,-0.34,0.252,81.46,71.29,100.0,71.11,53.37,43.58,45.658,45.498,45.422
2025-04-21 11:15:00,45.81,45.69,45.81,45.63,5455.0,24932672.0,-0.188,-0.31,0.244,81.97,74.85,96.22,59.07,49.29,42.09,45.688,45.523,45.405
2025-04-21 11:30:00,45.69,45.7,45.73,45.69,3287.0,15024978.0,-0.164,-0.281,0.232,82.65,77.45,93.05,59.75,49.64,42.26,45.696,45.559,45.409
2025-04-21 13:15:00,45.7,45.67,45.77,45.6,6587.0,30089468.0,-0.147,-0.254,0.214,82.1,79.0,88.3,56.37,48.54,41.87,45.714,45.599,45.403
2025-04-21 13:30:00,45.67,45.7,45.77,45.65,6896.0,31526409.0,-0.129,-0.229,0.2,78.0,78.67,76.67,59.14,49.76,42.42,45.714,45.644,45.414
2025-04-21 13:45:00,45.7,45.69,45.72,45.65,4453.0,20346516.0,-0.114,-0.206,0.184,71.79,76.38,62.63,57.68,49.33,42.28,45.69,45.674,45.44
2025-04-21 14:00:00,45.7,45.89,46.1,45.68,30955.0,142024374.0,-0.085,-0.182,0.193,69.13,73.96,59.46,73.46,57.25,46.0,45.73,45.709,45.486
2025-04-21 14:15:00,45.89,45.79,45.9,45.71,8603.0,39400919.0,-0.069,-0.159,0.18,61.29,69.74,44.4,60.03,52.75,44.5,45.748,45.722,45.53
2025-04-21 14:30:00,45.77,45.83,45.84,45.75,6607.0,30256979.0,-0.053,-0.138,0.17,56.19,65.22,38.13,63.25,54.32,45.25,45.78,45.747,45.572
2025-04-21 14:45:00,45.82,45.7,45.86,45.69,9273.0,42436741.0,-0.05,-0.12,0.14,44.13,58.19,16.0,48.11,48.61,43.28,45.78,45.747,45.605
2025-04-21 15:00:00,45.7,45.77,45.77,45.7,15794.0,72239258.0,-0.042,-0.105,0.126,40.75,52.38,17.5,55.06,51.6,44.63,45.796,45.743,45.62
2025-04-22 09:45:00,45.77,45.48,45.96,45.39,30247.0,137942194.0,-0.058,-0.095,0.075,31.39,45.38,3.41,33.05,40.86,40.47,45.714,45.722,45.622
2025-04-22 10:00:00,45.46,45.39,45.5,45.18,22100.0,100221662.0,-0.077,-0.092,0.029,28.54,39.77,6.08,28.77,38.17,39.28,45.634,45.691,45.625
2025-04-22 10:15:00,45.38,45.19,45.38,45.13,13260.0,59965086.0,-0.107,-0.095,-0.025,21.09,33.54,0.0,21.38,32.92,36.78,45.506,45.643,45.621
2025-04-22 10:30:00,45.23,45.32,45.5,45.22,7672.0,34821798.0,-0.119,-0.1,-0.039,20.59,29.22,3.32,34.5,38.88,39.4,45.43,45.605,45.624
2025-04-22 10:45:00,45.32,45.33,45.45,45.28,5710.0,25889387.0,-0.126,-0.105,-0.042,21.76,26.73,11.8,35.5,39.33,39.6,45.342,45.569,45.622
2025-04-22 11:00:00,45.34,45.2,45.35,45.15,8151.0,36867469.0,-0.141,-0.112,-0.057,17.32,23.59,4.76,28.7,35.59,37.9,45.286,45.5,45.604
2025-04-22 11:15:00,45.19,45.13,45.2,45.04,10651.0,48035648.0,-0.156,-0.121,-0.07,14.8,20.66,3.08,25.54,33.71,37.0,45.234,45.434,45.578
2025-04-22 11:30:00,45.13,45.16,45.23,45.08,4128.0,18634520.0,-0.164,-0.13,-0.069,14.22,18.52,5.62,29.53,35.31,37.66,45.228,45.367,45.557
2025-04-22 13:15:00,45.17,45.32,45.43,45.16,9556.0,43297305.0,-0.156,-0.135,-0.042,19.62,18.88,21.1,47.52,43.27,41.08,45.228,45.329,45.538
2025-04-22 13:30:00,45.34,45.25,45.34,45.16,5111.0,23117088.0,-0.153,-0.138,-0.029,28.3,22.02,40.85,41.91,40.87,40.08,45.212,45.277,45.51
2025-04-22 13:45:00,45.24,45.29,45.33,45.18,8100.0,36655097.0,-0.146,-0.14,-0.012,36.98,27.01,56.93,46.26,42.85,40.94,45.23,45.258,45.49
2025-04-22 14:00:00,45.29,45.18,45.31,45.16,7156.0,32363762.0,-0.147,-0.141,-0.012,34.8,29.61,45.19,37.09,38.94,39.32,45.24,45.237,45.464
2025-04-22 14:15:00,45.2,45.29,45.41,45.14,8770.0,39678948.0,-0.138,-0.141,0.005,43.53,34.25,62.08,49.18,44.47,41.73,45.266,45.247,45.445
2025-04-22 14:30:00,45.3,45.47,45.53,45.23,8946.0,40577326.0,-0.115,-0.135,0.041,58.27,42.25,90.3,63.11,52.19,45.42,45.296,45.262,45.433
2025-04-22 14:45:00,45.45,45.36,45.48,45.35,11425.0,51872363.0,-0.104,-0.129,0.05,60.61,48.37,85.1,52.55,47.76,43.66,45.318,45.265,45.417
2025-04-22 15:00:00,45.36,45.29,45.36,45.2,13341.0,60394006.0,-0.1,-0.123,0.047,55.97,50.9,66.09,46.59,45.1,42.56,45.318,45.274,45.387
2025-04-23 09:45:00,45.42,45.33,45.77,45.22,29812.0,135729786.0,-0.093,-0.117,0.049,47.36,49.72,42.64,50.44,46.94,43.41,45.348,45.294,45.364
2025-04-23 10:00:00,45.32,45.22,45.33,45.11,16067.0,72676999.0,-0.094,-0.113,0.036,37.13,45.53,20.34,40.75,42.66,41.64,45.334,45.3,45.334
2025-04-23 10:15:00,45.21,44.77,45.21,44.66,37999.0,170702690.0,-0.131,-0.116,-0.029,28.06,39.7,4.77,20.97,30.3,35.47,45.194,45.245,45.287
2025-04-23 10:30:00,44.77,44.67,44.78,44.56,26918.0,120267775.0,-0.166,-0.126,-0.079,21.74,33.71,0.0,18.56,28.32,34.3,45.056,45.187,45.232
2025-04-23 10:45:00,44.65,44.73,44.78,44.5,20071.0,89495638.0,-0.186,-0.138,-0.096,20.53,29.32,2.94,24.77,31.27,35.63,44.944,45.131,45.194
2025-04-23 11:00:00,44.73,44.65,44.8,44.64,6961.0,31121280.0,-0.207,-0.152,-0.11,17.62,25.42,2.03,22.08,29.5,34.65,44.808,45.078,45.158
2025-04-23 11:15:00,44.65,44.71,44.86,44.62,9176.0,41037149.0,-0.216,-0.165,-0.102,17.26,22.7,6.38,29.02,32.62,36.03,44.706,45.02,45.134
2025-04-23 11:30:00,44.72,44.77,44.83,44.71,5889.0,26364782.0,-0.215,-0.175,-0.081,18.59,21.33,13.12,35.88,35.71,37.41,44.706,44.95,45.106
2025-04-23 13:15:00,44.78,45.0,45.06,44.77,13604.0,61136969.0,-0.194,-0.179,-0.031,25.52,22.73,31.1,55.61,46.08,42.38,44.772,44.914,45.09
2025-04-23 13:30:00,45.01,45.02,45.08,44.96,11027.0,49643718.0,-0.174,-0.178,0.007,37.9,27.78,58.12,56.99,46.89,42.79,44.83,44.887,45.08
2025-04-23 13:45:00,45.03,44.91,45.05,44.91,8212.0,36954036.0,-0.165,-0.175,0.02,44.51,33.36,66.82,47.28,43.01,41.1,44.882,44.845,45.07
2025-04-23 14:00:00,44.91,44.85,44.96,44.8,8674.0,38921742.0,-0.161,-0.172,0.023,49.79,38.84,71.7,42.54,40.98,40.2,44.91,44.808,45.054
2025-04-23 14:15:00,44.85,44.64,44.89,44.61,11497.0,51414820.0,-0.172,-0.172,-0.0,41.24,39.64,44.44,29.93,34.75,37.22,44.884,44.795,45.02
2025-04-23 14:30:00,44.63,44.74,44.77,44.63,7858.0,35118308.0,-0.172,-0.172,0.001,36.71,38.66,32.81,40.08,39.53,39.45,44.832,44.802,44.994
2025-04-23 14:45:00,44.75,44.69,44.76,44.65,10823.0,48366459.0,-0.173,-0.172,-0.001,30.15,35.82,18.8,36.87,38.01,38.73,44.766,44.798,44.964
2025-04-23 15:00:00,44.68,44.69,44.7,44.68,15508.0,69303676.0,-0.172,-0.172,0.001,25.77,32.47,12.37,50.0,50.0,50.0,44.722,44.802,44.94
2025-04-24 09:45:00,44.6,44.32,44.65,44.17,29708.0,131837691.0,-0.199,-0.178,-0.043,22.68,29.21,9.61,19.91,28.4,33.78,44.616,44.763,44.891
2025-04-24 10:00:00,44.32,44.42,44.49,44.22,16004.0,70943780.0,-0.21,-0.184,-0.051,24.28,27.56,17.7,30.31,33.37,36.08,44.572,44.728,44.839
2025-04-24 10:15:00,44.44,44.47,44.64,44.42,12996.0,57875104.0,-0.212,-0.19,-0.044,27.55,27.56,27.52,35.35,35.8,37.22,44.518,44.675,44.794
2025-04-24 10:30:00,44.47,44.38,44.47,44.37,6221.0,27632659.0,-0.218,-0.195,-0.046,27.23,27.45,26.78,30.57,33.4,36.02,44.456,44.611,44.749
2025-04-24 10:45:00,44.38,44.22,44.41,44.22,9044.0,40079556.0,-0.233,-0.203,-0.061,20.47,25.12,11.16,23.74,29.57,33.97,44.362,44.542,44.694
2025-04-24 11:00:00,44.22,44.1,44.23,43.89,29207.0,128664557.0,-0.252,-0.213,-0.079,21.6,23.95,16.9,19.76,27.03,32.53,44.318,44.467,44.638
2025-04-24 11:15:00,44.09,43.71,44.09,43.68,18199.0,79758224.0,-0.295,-0.229,-0.132,15.32,21.07,3.83,11.95,20.73,28.43,44.176,44.374,44.585
2025-04-24 11:30:00,43.7,43.86,43.94,43.69,9117.0,39945828.0,-0.314,-0.246,-0.135,16.1,19.41,9.47,25.53,27.79,31.87,44.054,44.286,44.544
2025-04-24 13:15:00,43.86,43.77,43.87,43.73,6582.0,28826603.0,-0.332,-0.263,-0.137,13.83,17.55,6.37,22.98,26.26,30.94,43.932,44.194,44.496
2025-04-24 13:30:00,43.77,43.9,43.9,43.77,5123.0,22462647.0,-0.332,-0.277,-0.109,16.86,17.32,15.93,34.36,32.16,33.86,43.868,44.115,44.458
2025-04-24 13:45:00,43.89,43.89,43.95,43.87,5590.0,24547803.0,-0.329,-0.287,-0.083,18.53,17.72,20.14,33.89,31.94,33.74,43.826,44.072,44.418
2025-04-24 14:00:00,43.89,43.91,44.0,43.88,5846.0,25689677.0,-0.321,-0.294,-0.054,22.06,19.17,27.84,35.96,32.92,34.21,43.866,44.021,44.374
2025-04-24 14:15:00,43.92,43.9,43.93,43.87,3983.0,17484817.0,-0.312,-0.298,-0.029,24.75,21.03,32.19,35.3,32.66,34.08,43.874,43.964,44.32
2025-04-24 14:30:00,43.89,43.87,43.92,43.86,4203.0,18446858.0,-0.304,-0.299,-0.01,28.02,23.36,37.33,33.1,31.85,33.7,43.894,43.913,44.262
2025-04-24 14:45:00,43.88,43.96,43.99,43.87,6669.0,29303510.0,-0.287,-0.297,0.019,41.44,29.39,65.55,45.34,36.96,35.96,43.906,43.887,44.214
2025-04-24 15:00:00,43.96,43.99,43.99,43.91,14465.0,63564886.0,-0.268,-0.291,0.046,59.89,39.55,100.0,49.06,38.63,36.71,43.926,43.876,44.171
2025-04-25 09:45:00,44.15,44.34,44.45,44.0,29250.0,129520330.0,-0.222,-0.277,0.11,68.16,49.09,100.0,73.94,54.12,44.61,44.012,43.939,44.156
2025-04-25 10:00:00,44.33,44.8,45.13,44.18,38418.0,171702473.0,-0.147,-0.251,0.208,70.69,56.29,99.49,85.28,66.31,52.7,44.192,44.033,44.159
2025-04-25 10:15:00,44.8,44.72,44.9,44.63,27405.0,122713408.0,-0.093,-0.219,0.253,69.7,60.76,87.58,78.18,63.13,51.34,44.362,44.128,44.161
2025-04-25 10:30:00,44.7,44.6,44.72,44.51,10666.0,47590487.0,-0.059,-0.187,0.257,65.89,62.47,72.73,67.99,58.53,49.34,44.49,44.198,44.156
2025-04-25 10:45:00,44.59,44.72,44.78,44.55,7564.0,33789774.0,-0.022,-0.154,0.264,66.5,63.81,71.87,72.32,61.58,51.32,44.636,44.281,44.176
2025-04-25 11:00:00,44.72,44.66,44.72,44.54,5130.0,22904902.0,0.002,-0.123,0.25,65.33,64.32,67.35,66.89,59.21,50.3,44.7,44.356,44.188
2025-04-25 11:15:00,44.65,44.84,44.89,44.65,8640.0,38714024.0,0.036,-0.091,0.254,69.21,65.95,75.74,73.93,63.78,53.22,44.708,44.45,44.207
2025-04-25 11:30:00,44.86,44.78,44.97,44.73,10765.0,48278234.0,0.057,-0.062,0.237,69.91,67.27,75.2,68.14,61.28,52.15,44.72,44.541,44.227
2025-04-25 13:15:00,44.78,44.82,44.86,44.68,7603.0,34042426.0,0.076,-0.034,0.22,70.8,68.45,75.5,70.02,62.36,52.81,44.764,44.627,44.257
2025-04-25 13:30:00,44.83,44.75,44.86,44.72,5986.0,26812533.0,0.084,-0.011,0.189,67.2,68.03,65.53,62.3,59.22,51.52,44.77,44.703,44.29
2025-04-25 13:45:00,44.75,44.69,44.8,44.68,4312.0,19292083.0,0.085,0.009,0.153,57.84,64.63,44.26,55.95,56.57,50.41,44.776,44.738,44.338
2025-04-25 14:00:00,44.68,44.59,44.75,44.59,5987.0,26744237.0,0.077,0.022,0.109,44.36,57.88,17.32,46.48,52.3,48.6,44.726,44.717,44.375
2025-04-25 14:15:00,44.59,44.53,44.6,44.5,7835.0,34900015.0,0.064,0.031,0.068,31.7,49.15,0.0,41.43,49.84,47.53,44.676,44.698,44.413
2025-04-25 14:30:00,44.53,44.63,44.64,44.52,5107.0,22775241.0,0.062,0.037,0.051,30.35,42.88,5.29,51.88,53.79,49.47,44.638,44.701,44.45
2025-04-25 14:45:00,44.62,44.57,44.7,44.56,7280.0,32492886.0,0.055,0.041,0.029,25.2,36.99,1.62,45.98,51.15,48.35,44.602,44.686,44.484
2025-04-25 15:00:00,44.57,44.58,44.6,44.56,14394.0,64174408.0,0.049,0.042,0.014,22.47,32.15,3.12,47.18,51.59,48.55,44.58,44.678,44.517
